disease_name,k__Archaeap__Euryarchaeotac__Methanobacteriao__Methanobacteriales Methanobacteriaceae Methanobrevibacter,k__Bacteria p__Firmicutes c__Bacilli o__Lactobacillales Enterococcaceae Enterococcus,k__Bacteria p__Firmicutes c__Clostridia o__Clostridiales Clostridiaceae Clostridium,k__Bacteriap__Actinobacteriac__Actinobacteriao__Actinomycetales Actinomycetaceae,k__Bacteriap__Actinobacteriac__Actinobacteriao__Actinomycetales Actinomycetaceae Actinomyces,k__Bacteriap__Actinobacteriac__Actinobacteriao__Actinomycetales Corynebacteriaceae Corynebacterium,k__Bacteriap__Actinobacteriac__Actinobacteriao__Actinomycetales Micrococcaceae Rothia,k__Bacteriap__Actinobacteriac__Actinobacteriao__Actinomycetales Propionibacteriaceae,k__Bacteriap__Actinobacteriac__Actinobacteriao__Bifidobacteriales Bifidobacteriaceae,k__Bacteriap__Actinobacteriac__Actinobacteriao__Bifidobacteriales Bifidobacteriaceae Bifidobacterium,k__Bacteriap__Actinobacteriac__Coriobacteriiao__Coriobacteriales Coriobacteriaceae,k__Bacteriap__Actinobacteriac__Coriobacteriiao__Coriobacteriales Coriobacteriaceae Adlercreutzia,k__Bacteriap__Actinobacteriac__Coriobacteriiao__Coriobacteriales Coriobacteriaceae Atopobium,k__Bacteriap__Actinobacteriac__Coriobacteriiao__Coriobacteriales Coriobacteriaceae Collinsella,k__Bacteriap__Actinobacteriac__Coriobacteriiao__Coriobacteriales Coriobacteriaceae Eggerthella,k__Bacteriap__Actinobacteriac__Coriobacteriiao__Coriobacteriales Coriobacteriaceae Slackia,k__Bacteriap__Actinobacteriac__Thermoleophiliao__Solirubrobacterales Solirubrobacteraceae Solirubrobacteraceae,k__Bacteriap__Bacteroidetesc__Bacteroidiao__Bacteroidales Bacteroidaceae,k__Bacteriap__Bacteroidetesc__Bacteroidiao__Bacteroidales Bacteroidaceae Bacteroides,k__Bacteriap__Bacteroidetesc__Bacteroidiao__Bacteroidales Barnesiellaceae,k__Bacteriap__Bacteroidetesc__Bacteroidiao__Bacteroidales Odoribacteraceae Butyricimonas,k__Bacteriap__Bacteroidetesc__Bacteroidiao__Bacteroidales Odoribacteraceae Odoribacter,k__Bacteriap__Bacteroidetesc__Bacteroidiao__Bacteroidales Paraprevotellaceae,k__Bacteriap__Bacteroidetesc__Bacteroidiao__Bacteroidales Paraprevotellaceae Paraprevotella,k__Bacteriap__Bacteroidetesc__Bacteroidiao__Bacteroidales Porphyromonadaceae,k__Bacteriap__Bacteroidetesc__Bacteroidiao__Bacteroidales Porphyromonadaceae Dysgonomonas,k__Bacteriap__Bacteroidetesc__Bacteroidiao__Bacteroidales Porphyromonadaceae Parabacteroides,k__Bacteriap__Bacteroidetesc__Bacteroidiao__Bacteroidales Porphyromonadaceae Porphyromonas,k__Bacteriap__Bacteroidetesc__Bacteroidiao__Bacteroidales Porphyromonadaceae Tannerella,k__Bacteriap__Bacteroidetesc__Bacteroidiao__Bacteroidales Prevotellaceae Prevotella,k__Bacteriap__Bacteroidetesc__Bacteroidiao__Bacteroidales Rikenellaceae,k__Bacteriap__Bacteroidetesc__Bacteroidiao__Bacteroidales Rikenellaceae Alistipes,k__Bacteriap__Bacteroidetesc__Bacteroidiao__Bacteroidales S24-7 S24,k__Bacteriap__Cyanobacteriac__Nostocophycideaeo__Nostocales Nostocaceae Anabaena,k__Bacteriap__Cyanobacteriac__Nostocophycideaeo__Nostocales Nostocaceae Nostocaceae,k__Bacteriap__Deferribacteresc__Deferribactereso__Deferribacterales Deferribacteraceae Mucispirillum,k__Bacteriap__Firmicutesc__Bacillio__Bacillales Bacillaceae Bacillaceae,k__Bacteriap__Firmicutesc__Bacillio__Bacillales Bacillaceae Bacillus,k__Bacteriap__Firmicutesc__Bacillio__Bacillales Bacillaceae Geobacillus,k__Bacteriap__Firmicutesc__Bacillio__Gemellales Gemellaceae,k__Bacteriap__Firmicutesc__Bacillio__Lactobacillales Aerococcaceae Abiotrophia,k__Bacteriap__Firmicutesc__Bacillio__Lactobacillales Carnobacteriaceae Granulicatella,k__Bacteriap__Firmicutesc__Bacillio__Lactobacillales Enterococcaceae Enterococcaceae,k__Bacteriap__Firmicutesc__Bacillio__Lactobacillales Lactobacillaceae,k__Bacteriap__Firmicutesc__Bacillio__Lactobacillales Lactobacillaceae Lactobacillus,k__Bacteriap__Firmicutesc__Bacillio__Lactobacillales Leuconostocaceae Leuconostoc,k__Bacteriap__Firmicutesc__Bacillio__Lactobacillales Leuconostocaceae Weissella,k__Bacteriap__Firmicutesc__Bacillio__Lactobacillales Streptococcaceae,k__Bacteriap__Firmicutesc__Bacillio__Lactobacillales Streptococcaceae Lactococcus,k__Bacteriap__Firmicutesc__Bacillio__Lactobacillales Streptococcaceae Streptococcus,k__Bacteriap__Firmicutesc__Bacillio__Turicibacterales Turicibacteraceae Turicibacter,k__Bacteriap__Firmicutesc__Clostridiao__Clostridiales Christensenellaceae,k__Bacteriap__Firmicutesc__Clostridiao__Clostridiales Christensenellaceae Christensenella,k__Bacteriap__Firmicutesc__Clostridiao__Clostridiales Clostridiaceae,k__Bacteriap__Firmicutesc__Clostridiao__Clostridiales Clostridiaceae Sarcina,k__Bacteriap__Firmicutesc__Clostridiao__Clostridiales Clostridiaceae SMB53,k__Bacteriap__Firmicutesc__Clostridiao__Clostridiales Dehalobacteriaceae Dehalobacteriaceae,k__Bacteriap__Firmicutesc__Clostridiao__Clostridiales Dehalobacteriaceae Dehalobacterium,k__Bacteriap__Firmicutesc__Clostridiao__Clostridiales Eubacteriaceae Pseudoramibacter_Eubacterium,k__Bacteriap__Firmicutesc__Clostridiao__Clostridiales Lachnospiraceae,k__Bacteriap__Firmicutesc__Clostridiao__Clostridiales Lachnospiraceae Anaerostipes,k__Bacteriap__Firmicutesc__Clostridiao__Clostridiales Lachnospiraceae Blautia,k__Bacteriap__Firmicutesc__Clostridiao__Clostridiales Lachnospiraceae Butyrivibrio,k__Bacteriap__Firmicutesc__Clostridiao__Clostridiales Lachnospiraceae Coprococcus,k__Bacteriap__Firmicutesc__Clostridiao__Clostridiales Lachnospiraceae Dorea,k__Bacteriap__Firmicutesc__Clostridiao__Clostridiales Lachnospiraceae Epulopiscium,k__Bacteriap__Firmicutesc__Clostridiao__Clostridiales Lachnospiraceae Lachnobacterium,k__Bacteriap__Firmicutesc__Clostridiao__Clostridiales Lachnospiraceae Lachnospira,k__Bacteriap__Firmicutesc__Clostridiao__Clostridiales Lachnospiraceae Oribacterium,k__Bacteriap__Firmicutesc__Clostridiao__Clostridiales Lachnospiraceae Pseudobutyrivibrio,k__Bacteriap__Firmicutesc__Clostridiao__Clostridiales Lachnospiraceae Roseburia,k__Bacteriap__Firmicutesc__Clostridiao__Clostridiales Lachnospiraceae Ruminococcus,k__Bacteriap__Firmicutesc__Clostridiao__Clostridiales Lachnospiraceae Shuttleworthia,k__Bacteriap__Firmicutesc__Clostridiao__Clostridiales Mogibacteriaceae,k__Bacteriap__Firmicutesc__Clostridiao__Clostridiales Peptococcaceae,k__Bacteriap__Firmicutesc__Clostridiao__Clostridiales Peptococcaceae Peptococcus,k__Bacteriap__Firmicutesc__Clostridiao__Clostridiales Peptococcaceae rc4-4,k__Bacteriap__Firmicutesc__Clostridiao__Clostridiales Peptostreptococcaceae Peptostreptococcus,k__Bacteriap__Firmicutesc__Clostridiao__Clostridiales Ruminococcaceae,k__Bacteriap__Firmicutesc__Clostridiao__Clostridiales Ruminococcaceae Anaerofilum,k__Bacteriap__Firmicutesc__Clostridiao__Clostridiales Ruminococcaceae Anaerotruncus,k__Bacteriap__Firmicutesc__Clostridiao__Clostridiales Ruminococcaceae Butyricicoccus,k__Bacteriap__Firmicutesc__Clostridiao__Clostridiales Ruminococcaceae Faecalibacterium,k__Bacteriap__Firmicutesc__Clostridiao__Clostridiales Ruminococcaceae Oscillospira,k__Bacteriap__Firmicutesc__Clostridiao__Clostridiales Tissierellaceae 1-68,k__Bacteriap__Firmicutesc__Clostridiao__Clostridiales Tissierellaceae Parvimonas,k__Bacteriap__Firmicutesc__Clostridiao__Clostridiales Tissierellaceae Peptoniphilus,k__Bacteriap__Firmicutesc__Clostridiao__Clostridiales Tissierellaceae WAL_1855D,k__Bacteriap__Firmicutesc__Clostridiao__Clostridiales Veillonellaceae,k__Bacteriap__Firmicutesc__Clostridiao__Clostridiales Veillonellaceae Dialister,k__Bacteriap__Firmicutesc__Clostridiao__Clostridiales Veillonellaceae Megamonas,k__Bacteriap__Firmicutesc__Clostridiao__Clostridiales Veillonellaceae Megasphaera,k__Bacteriap__Firmicutesc__Clostridiao__Clostridiales Veillonellaceae Phascolarctobacterium,k__Bacteriap__Firmicutesc__Clostridiao__Clostridiales Veillonellaceae Schwartzia,k__Bacteriap__Firmicutesc__Clostridiao__Clostridiales Veillonellaceae Selenomonas,k__Bacteriap__Firmicutesc__Clostridiao__Clostridiales Veillonellaceae Thermosinus,k__Bacteriap__Firmicutesc__Clostridiao__Clostridiales Veillonellaceae Veillonella,k__Bacteriap__Firmicutesc__Erysipelotrichio__Erysipelotrichales Erysipelotrichaceae,k__Bacteriap__Firmicutesc__Erysipelotrichio__Erysipelotrichales Erysipelotrichaceae Bulleidia,k__Bacteriap__Firmicutesc__Erysipelotrichio__Erysipelotrichales Erysipelotrichaceae cc_115,k__Bacteriap__Firmicutesc__Erysipelotrichio__Erysipelotrichales Erysipelotrichaceae Coprobacillus,k__Bacteriap__Firmicutesc__Erysipelotrichio__Erysipelotrichales Erysipelotrichaceae Eubacterium,k__Bacteriap__Firmicutesc__Erysipelotrichio__Erysipelotrichales Erysipelotrichaceae Holdemania,k__Bacteriap__Fusobacteriac__Fusobacteriiao__Fusobacteriales Fusobacteriaceae,k__Bacteriap__Fusobacteriac__Fusobacteriiao__Fusobacteriales Fusobacteriaceae Fusobacterium,k__Bacteriap__Lentisphaeraec__Lentisphaeriao__Victivallales Victivallaceae Victivallis,k__Bacteriap__Nitrospiraec__Nitrospirao__Nitrospirales Leptospirillaceae Leptospirillum,k__Bacteriap__Proteobacteriac__Alphaproteobacteriao__Caulobacterales Caulobacteraceae Caulobacteraceae,k__Bacteriap__Proteobacteriac__Alphaproteobacteriao__Rickettsiales mitochondria mitochondria,k__Bacteriap__Proteobacteriac__Alphaproteobacteriao__Rickettsiales mitochondria Raphanus,k__Bacteriap__Proteobacteriac__Alphaproteobacteriao__Rickettsiales mitochondria Victoria,k__Bacteriap__Proteobacteriac__Betaproteobacteriao__Burkholderiales Alcaligenaceae Achromobacter,k__Bacteriap__Proteobacteriac__Betaproteobacteriao__Burkholderiales Alcaligenaceae Alcaligenaceae,k__Bacteriap__Proteobacteriac__Betaproteobacteriao__Burkholderiales Alcaligenaceae Sutterella,k__Bacteriap__Proteobacteriac__Betaproteobacteriao__Burkholderiales Burkholderiaceae Lautropia,k__Bacteriap__Proteobacteriac__Betaproteobacteriao__Burkholderiales Comamonadaceae Comamonas,k__Bacteriap__Proteobacteriac__Betaproteobacteriao__Burkholderiales Oxalobacteraceae Oxalobacter,k__Bacteriap__Proteobacteriac__Betaproteobacteriao__Neisseriales Neisseriaceae,k__Bacteriap__Proteobacteriac__Betaproteobacteriao__Neisseriales Neisseriaceae Eikenella,k__Bacteriap__Proteobacteriac__Betaproteobacteriao__Neisseriales Neisseriaceae Neisseria,k__Bacteriap__Proteobacteriac__Deltaproteobacteriao__Desulfovibrionales Desulfovibrionaceae,k__Bacteriap__Proteobacteriac__Deltaproteobacteriao__Desulfovibrionales Desulfovibrionaceae Bilophila,k__Bacteriap__Proteobacteriac__Deltaproteobacteriao__Desulfovibrionales Desulfovibrionaceae Desulfovibrio,k__Bacteriap__Proteobacteriac__Epsilonproteobacteriao__Campylobacterales Campylobacteraceae Campylobacter,k__Bacteriap__Proteobacteriac__Gammaproteobacteriao__Acidithiobacillales Acidithiobacillaceae Acidithiobacillus,k__Bacteriap__Proteobacteriac__Gammaproteobacteriao__Aeromonadales Aeromonadaceae Aeromonadaceae,k__Bacteriap__Proteobacteriac__Gammaproteobacteriao__Enterobacteriales Enterobacteriaceae,k__Bacteriap__Proteobacteriac__Gammaproteobacteriao__Enterobacteriales Enterobacteriaceae Citrobacter,k__Bacteriap__Proteobacteriac__Gammaproteobacteriao__Enterobacteriales Enterobacteriaceae Enterobacter,k__Bacteriap__Proteobacteriac__Gammaproteobacteriao__Enterobacteriales Enterobacteriaceae Escherichia,k__Bacteriap__Proteobacteriac__Gammaproteobacteriao__Enterobacteriales Enterobacteriaceae Klebsiella,k__Bacteriap__Proteobacteriac__Gammaproteobacteriao__Enterobacteriales Enterobacteriaceae Proteus,k__Bacteriap__Proteobacteriac__Gammaproteobacteriao__Enterobacteriales Enterobacteriaceae Providencia,k__Bacteriap__Proteobacteriac__Gammaproteobacteriao__Enterobacteriales Enterobacteriaceae Serratia,k__Bacteriap__Proteobacteriac__Gammaproteobacteriao__Enterobacteriales Enterobacteriaceae Trabulsiella,k__Bacteriap__Proteobacteriac__Gammaproteobacteriao__Oceanospirillales Halomonadaceae Halomonas,k__Bacteriap__Proteobacteriac__Gammaproteobacteriao__Pasteurellales Pasteurellaceae,k__Bacteriap__Proteobacteriac__Gammaproteobacteriao__Pasteurellales Pasteurellaceae Actinobacillus,k__Bacteriap__Proteobacteriac__Gammaproteobacteriao__Pasteurellales Pasteurellaceae Aggregatibacter,k__Bacteriap__Proteobacteriac__Gammaproteobacteriao__Pasteurellales Pasteurellaceae Haemophilus,k__Bacteriap__Proteobacteriac__Gammaproteobacteriao__Pseudomonadales Moraxellaceae Acinetobacter,k__Bacteriap__Proteobacteriac__Gammaproteobacteriao__Pseudomonadales Moraxellaceae Enhydrobacter,k__Bacteriap__Proteobacteriac__Gammaproteobacteriao__Pseudomonadales Pseudomonadaceae Pseudomonas,k__Bacteriap__Proteobacteriac__Gammaproteobacteriao__Vibrionales Vibrionaceae Photobacterium,k__Bacteriap__Proteobacteriac__Gammaproteobacteriao__Xanthomonadales Xanthomonadaceae Stenotrophomonas,k__Bacteriap__Proteobacteriac__Gammaproteobacteriao__Xanthomonadales Xanthomonadaceae Xanthomonadaceae,k__Bacteriap__Synergistetesc__Synergistiao__Synergistales Dethiosulfovibrionaceae Pyramidobacter,k__Bacteriap__Synergistetesc__Synergistiao__Synergistales Synergistaceae Synergistaceae,k__Bacteriap__Tenericutesc__Mollicuteso__Anaeroplasmatales Anaeroplasmataceae Anaeroplasmataceae,k__Bacteriap__TM7c__TM7-3o__CW040 F16,k__Bacteriap__Verrucomicrobiac__Verrucomicrobiaeo__Verrucomicrobiales Verrucomicrobiaceae Akkermansia,Unclassified
Aut Control,-7,-7,-0.3821611475832788,-2.7695255326388417,-2.1739187153403536,-7,-7,-7,-2.0757155437964894,-0.08286219468462368,-2.7695255326388417,-2.1739187153403536,-7,-0.8224632115024717,-1.5466801307497324,-7,-7,-0.8419389042605241,2.742219862256042,-7,-7,-0.8843891555331213,-7,-7,-1.9318104263510525,-7,1.3182512122882508,-2.3010213098612007,-7,-1.4341510011800371,1.1851793859068696,-7,-7,-7,-7,-7,-7,-7,-7,-2.4814728998826636,-7,-2.4814728998826636,-2.7695255326388417,-7,-7,-7,-2.7695255326388417,-7,-7,-1.1636752512113746,-0.4302749338079312,-7,-7,-0.2502636071543476,-7,-0.010906262855788188,-7,-7,-7,2.050669705127754,-1.3788226792441935,1.2675706289147202,-7,-1.8210201765939573,-0.40362274599874665,-7,-7,-1.2204027873233694,-7,-7,-1.6307822866344985,-0.18329475009977278,-7,-1.7772809282944428,-7,-7,-7,-2.4814728998826636,-0.14819142468096902,-7,-2.3010213098612007,-0.5779026725495611,1.6101062985521184,-0.556423963859968,-7,-2.4814728998826636,-7,-2.7695255326388417,-7,-0.48214444926589967,-7,-0.9982658546269899,-7,-7,-7,-7,-0.9702101236646158,-0.5946534690439542,-2.4814728998826636,-7,-2.7695255326388417,-2.1739187153403536,-2.0757155437964894,-0.5385013231498055,-7,-7,-7,-7,-7,-7,-2.3010213098612007,-7,-7,1.1904997824343042,-7,-2.4814728998826636,-7,-7,-1.4975715143117967,-2.7695255326388417,-7,-2.3010213098612007,-7,-7,-7,-7,1.4584565419556514,-7,-7,1.0001302731468693,-2.3010213098612007,-2.3010213098612007,-2.4814728998826636,-7,-7,-7,-1.6635382647990224,-7,-2.1739187153403536,-0.1441175094435558,-7,-7,-7,-7,-7,-7,-1.9318104263510525,-7,-7,-7,-1.6003245482655086,1.1275906802453375
Aut Control,-7,-7,-0.7375486729502464,-2.7695255326388417,-2.1739187153403536,-7,-2.7695255326388417,-7,-7,-0.031517004747736006,-2.3010213098612007,-7,-7,-0.3372420739065923,-1.9281143122477586,-7,-7,-1.8210201765939573,2.6917735120188673,1.1363495180369394,-7,-0.581864335750255,-7,-7,-2.3010213098612007,-7,1.1830419601399673,-7,-7,-7,1.381246885785799,-2.0757155437964894,-7,-7,-7,-7,-7,-7,-7,-2.46850830977847,-7,-2.46850830977847,-2.3010213098612007,-7,-1.1414622009148745,-7,-7,-7,-7,-0.34688391030310756,-2.0757155437964894,-1.8696630145207465,-2.46850830977847,-0.7926346931175614,-7,-0.2993827177878696,-7,-2.7695255326388417,-7,2.136174979289171,-1.195178640567017,1.0445005662906202,-7,-1.206907700476991,-1.519991618984032,-7,-7,1.4285397322569802,-7,-2.3010213098612007,-1.6289302896705706,0.012415416967919876,-2.7695255326388417,-0.6886698356384061,-7,-7,-7,-7,1.5582764617722553,-7,-1.570246105522965,-0.6746894229488068,0.8241909471627689,1.6526137408721455,-7,-7,-7,-7,-7,-0.08570969142937862,-2.7695255326388417,-7,1.0865022025289934,-7,-7,-7,-0.020679257070575576,-0.71063382542174,-2.7695255326388417,-7,-7,-2.46850830977847,-1.4736594300689785,-7,-7,-7,-7,-7,-7,-7,-7,-7,-7,-7,-7,-7,-7,-7,-7,-7,-7,-0.5270972020184804,-7,-2.7695255326388417,-7,-7,-0.962174851341738,-2.7695255326388417,-7,-0.25126936644574616,-2.46850830977847,-7,-7,-2.7695255326388417,-7,-7,-2.7695255326388417,-7,-7,-1.9956743262932788,-7,-7,-7,-7,-7,-7,-1.2564894513472202,-7,-7,-7,-7,1.6037288157373422
Aut Control,-7,-7,-0.32111749435849835,-2.4814728998826636,-1.9318104263510525,-7,-1.9999956570768955,-2.7695255326388417,-7,-1.6307822866344985,-7,-7,-7,-7,-7,-7,-7,-7,1.4758744907712469,-7,-7,-2.3010213098612007,-7,-7,-7,-7,-1.1135087108090767,-7,-7,-1.9956743262932788,-2.1739187153403536,-7,-7,-7,-7,-2.1739187153403536,-7,-7,-7,-1.6989678328690379,-1.9999956570768955,-1.3615097446683908,-7,-7,-1.5214320615697432,-7,-7,-7,-7,-0.6653450321475863,-0.6330168374695767,-7,-7,1.5539921943122317,-1.8210201765939573,1.4680222279723896,-7,-7,-7,2.0488960605127455,-1.6307822866344985,1.2355536983775766,-7,-2.3010213098612007,-1.3133628371285808,-1.0515865451513118,-7,1.6975344634684253,-2.7695255326388417,-7,-1.474953896563651,-0.1538484615794286,-1.9999956570768955,-2.7695255326388417,-7,-7,-7,-2.7695255326388417,-1.661541514223442,-7,-2.1739187153403536,-1.3777849405325981,1.9744978766107126,-1.7772809282944428,-2.3010213098612007,-7,-2.3010213098612007,-7,-2.4814728998826636,-1.9318104263510525,2.034760770367331,-7,-7,-7,-7,-7,-0.42193400142297727,-0.4903941610567351,-2.7695255326388417,-7,-7,-2.4814728998826636,-2.7695255326388417,-7,-2.7695255326388417,-7,-7,-7,-7,-7,-7,-7,-7,-1.4975715143117967,-7,-7,-7,-7,-7,-7,-7,-2.7695255326388417,-7,-2.4814728998826636,-7,-7,1.053923154384421,-7,-7,1.2239888851630496,-2.4814728998826636,-7,-7,-7,-7,-7,-0.6587631788149162,-7,-2.4814728998826636,-0.30618505821452213,-7,-7,-7,-7,-7,-7,-7,-7,-7,-7,-2.7695255326388417,-0.011084434935152921
Aut Control,-7,-2.46850830977847,1.6180480977585854,-7,-2.46850830977847,-7,-7,-7,-7,-1.9318104263510525,-7,-7,-7,-7,-2.1739187153403536,-7,-7,-7,-1.6968017819158216,-7,-7,-7,-7,-7,-7,-7,-2.7695255326388417,-7,-7,-0.32642611148737344,-2.46850830977847,-7,-7,-7,-7,-7,-7,-7,-7,-2.7695255326388417,-7,-2.46850830977847,-1.9956743262932788,-7,-7,-7,-7,-7,-7,-1.0428713229697186,-2.46850830977847,-7,-7,-0.28241261993042954,-7,-1.0675257279697765,-7,-7,-7,2.1414152796417096,-7,-0.18628554142744727,-7,-2.0757155437964894,-2.1739187153403536,-7,-7,1.9879833811338197,-7,-2.7695255326388417,-1.774688133195629,0.31722737009619245,-2.46850830977847,-7,-7,-7,-7,-2.7695255326388417,-1.4962079555202445,-7,-7,-7,2.8016924576408258,-0.4676277389609109,-7,-1.3439008392807608,-7,-7,-7,-1.661541514223442,-7,-7,-7,-7,-7,-7,-0.4570500267818052,-0.2273848768398155,-7,-7,-1.9956743262932788,-1.195178640567017,-7,-7,-1.1220524731467134,-7,-7,-7,-7,-7,-7,-7,-7,-7,-7,-7,-7,-7,-2.7695255326388417,-7,-7,-2.7695255326388417,-7,-7,-7,-7,-0.107682683627282,-1.8728919606436893,-7,1.2501515375579773,-1.732825924065591,-7,-7,-2.7695255326388417,-2.7695255326388417,-7,-2.0757155437964894,-2.7695255326388417,-7,-1.0118867133860585,-7,-7,-7,-7,-7,-7,-7,-7,-7,-7,-7,-0.2894594674913497
Aut Control,-7,-7,-0.5905739621449192,-2.7695255326388417,-1.774688133195629,-7,-2.1739187153403536,-7,-1.360512514644295,1.5724533645698966,-2.0757155437964894,-7,-7,-1.206907700476991,-1.2441243824080332,-7,-7,-1.6968017819158216,2.5847754704491,-7,-7,-7,-7,-7,-7,-7,1.4250285551522386,-7,-7,-7,1.4087350518503714,-7,-7,-7,-7,-7,-7,-7,-7,-2.46850830977847,-2.7695255326388417,-2.46850830977847,-2.7695255326388417,-7,-7,-7,-7,-7,-7,1.1067007357592606,-1.519991618984032,-1.8210201765939573,-1.8210201765939573,-0.4387792017871707,-7,-0.27148381409403727,-7,-7,-1.9956743262932788,1.33961042361245,-0.39329615124747136,1.4390483368585312,-7,-1.6289302896705706,-7,-7,-1.4962079555202445,1.0122043002533434,-7,-1.4534561027324797,-1.5718635854724363,1.5270625002993323,-7,-1.230621935328432,-1.774688133195629,-2.3010213098612007,-7,-7,1.380374073422503,-1.732825924065591,-1.1220524731467134,-1.162410930522968,1.6754392039684283,1.7781295358405227,-7,-7,-7,-7,-7,-0.1468495026498363,-7,-2.7695255326388417,-7,-7,-7,-7,-0.06940746060181611,-1.0347978284494437,-7,-2.46850830977847,-7,-1.9318104263510525,-1.2839958211843079,-7,-7,-7,-7,-7,-7,-7,-2.46850830977847,-7,-7,-7,-7,-7,-7,-7,-7,-7,-7,-7,-7,-7,-7,-2.46850830977847,-0.9003190136647489,-7,-7,-0.7300200901138785,-2.46850830977847,-7,-7,-7,-2.7695255326388417,-7,-2.7695255326388417,-7,-2.46850830977847,-2.7695255326388417,-7,-7,-7,-7,-7,-7,-7,-7,-7,-2.7695255326388417,-1.9956743262932788,1.68382123094505
Aut Control,-7,-7,-0.2713215520332025,-2.46850830977847,-2.0757155437964894,-7,-7,-7,-7,-0.9150660679133633,-7,-7,-7,-7,-1.9956743262932788,-7,-7,-2.7695255326388417,2.414286285597187,-2.7695255326388417,-7,-1.2160957064277178,-7,-7,-2.167484700657167,-7,-0.04566094315332111,-2.46850830977847,-7,-7,-0.9730579638696569,-7,-7,-7,-7,-7,-7,-7,-7,-2.1674847006571665,-2.46850830977847,-1.9956743262932788,-7,-7,-2.7695255326388417,-7,-7,-7,-2.46850830977847,-0.45432172658303277,-0.8329779085703057,-7,-7,-0.9273821560314993,-7,-0.15434387805405725,-7,-7,-7,2.1350785603691316,-1.5171249877933266,1.2894328660810255,-7,-1.9956743262932788,-1.073657038807728,-7,-7,1.4456197706616594,-7,-7,-1.7721107256040958,0.0021661049698867892,-7,-2.46850830977847,-7,-7,-7,-7,-0.07252692768181516,-7,-2.292421308407472,-0.7680207185997064,1.386516802470245,-0.7309540565994465,-2.7695255326388417,-2.7695255326388417,-2.7695255326388417,-1.8696630145207465,-2.46850830977847,-1.280667884210801,2.335602307376528,-0.642064962519552,-7,-7,-7,-7,-1.2041192877853095,-0.8693443295165918,-2.7695255326388417,-7,-7,-1.040004685471755,-1.41116715509156,-7,-7,-7,-7,-7,-7,-7,-7,-7,-7,-0.24864382328569595,-7,-7,-7,-7,-7,-7,-7,-1.730484720871791,-7,-7,-7,-2.46850830977847,-0.3574364639900252,-7,-7,-0.5419666562341083,-0.5171262735312429,-7,-7,-2.7695255326388417,-1.7721107256040958,-7,-1.9281143122477586,-7,-2.0757155437964894,-0.7767634671515766,-7,-7,-7,-7,-7,-7,-7,-7,-7,-7,-1.8181535548640873,1.2349220339566882
Autism,-7,-7,-0.7542403974146886,-7,-2.46850830977847,-7,-2.7695255326388417,-7,-7,-1.2839958211843079,-2.1739187153403536,-7,-7,-0.13590436718911889,-1.5718635854724363,-7,-7,-0.7886121801336092,2.2116784090650254,1.7711559121625342,-7,-0.0851809667122233,-7,-7,-2.7695255326388417,-7,1.9913457122171472,-7,-7,0.4152572336469545,1.434313363122581,-1.4534561027324797,-7,-7,-7,-7,-7,-7,-7,-7,-7,-2.46850830977847,-2.7695255326388417,-7,-7,-2.7695255326388417,-7,-7,-2.7695255326388417,-0.6716201926671872,-0.7542403974146886,-1.1837580369637124,-7,-1.432972456892719,-7,-0.6322712676804383,-7,-7,-7,1.9171324973567117,-0.8359444104407957,1.055225387678181,-7,-0.5992891906137339,-1.9318104263510525,-7,-2.3010213098612007,-0.6322712676804383,-7,-7,-2.3010213098612007,0.04351949953420054,-7,-0.990123941757762,-1.103473231375665,-7,-7,-7,1.0956225985062926,-7,-1.4962079555202445,-0.5793840644940529,1.0973614480362401,2.0459524454097378,-7,-7,-7,-7,-7,-0.2634440731795427,-7,-2.7695255326388417,-7,-1.8728919606436893,-7,-7,-0.04460086523413081,-1.732825924065591,-7,-7,-2.46850830977847,-1.732825924065591,-1.9318104263510525,-7,-7,-7,-7,-7,-7,-7,-1.9956743262932788,-7,-7,-0.31300634444781383,-2.46850830977847,-7,-7,-7,-7,-7,-2.7695255326388417,-2.7695255326388417,-7,-2.0757155437964894,-7,-7,1.2819192447054126,-2.46850830977847,-7,-0.6293017224608842,-1.112382137107009,-7,-7,-0.6819364562418646,-7,-7,-2.3010213098612007,-7,-7,-1.0428713229697186,-7,-7,-2.7695255326388417,-7,-1.774688133195629,-7,-7,-7,-7,-7,-0.6998392454662964,1.729383503163775
Autism,-7,-7,-1.5466801307497324,-7,-7,-7,-2.7695255326388417,-7,-1.4546916462297221,0.038620201683871334,-1.7351798167007801,-7,-7,-0.5097603742962704,-2.7695255326388417,-1.7772809282944428,-7,-0.9446212863236876,2.7325208126653364,-0.9020485824022517,-0.9986986339843023,-0.12378210165643584,-7,-7,-1.1051297900137216,-7,1.6298986705352307,-2.7695255326388417,-7,-2.7695255326388417,1.9966854431746182,-2.4814728998826636,-7,-7,-7,-7,-7,-2.3010213098612007,-7,-7,-7,-2.7695255326388417,-7,-7,-7,-7,-7,-7,-2.4814728998826636,-1.345822495164167,-2.7695255326388417,-2.7695255326388417,-2.7695255326388417,-1.4546916462297221,-7,-0.9446212863236876,-7,-7,-7,1.4040122278953022,-1.5214320615697432,-0.2468000091378402,-7,-2.4814728998826636,-2.7695255326388417,-7,-7,-0.34563081277151514,-7,-7,-1.9999956570768955,1.2029349175252233,-7,-2.0757155437964894,-7,-7,-7,-7,-0.35862495563125146,-7,-7,-1.345822495164167,2.168836183903568,0.17289472691903096,-7,-7,-7,-7,-7,-0.43651879594591103,-7,-7,-1.2328433915347243,-7,-7,-7,-1.0777932030702873,-2.0757155437964894,-7,-7,-7,-1.7772809282944428,-2.7695255326388417,-7,-7,-7,-7,-7,-7,-7,-2.4814728998826636,-7,-7,1.6192185908594532,-7,-7,-7,-2.7695255326388417,-7,-7,-7,-0.4825400415355831,-7,-2.7695255326388417,-7,-7,-7,-7,-7,-7,-7,-7,-7,-7,-7,-7,-7,-7,-7,-1.6635382647990224,-7,-7,-7,-7,-7,-7,-7,-7,-7,-7,-0.9574240938206571,1.2251800107635389
Autism,-7,-7,-0.5290016835188396,-7,-7,-7,-7,-7,-7,-0.9574240938206571,-2.4814728998826636,-1.7351798167007801,-7,-1.6307822866344985,-2.7695255326388417,-7,-7,-0.9986986339843023,1.744441635851646,1.3268886219533902,-0.29981558376144046,-7,-7,-7,-1.5466801307497324,-7,1.708089316807005,-2.7695255326388417,-7,-1.9956743262932788,1.5612015950831382,-2.4814728998826636,-2.7695255326388417,-7,-7,-7,-7,-7,-7,-7,-7,-7,-7,-7,-7,-7,-7,-7,-7,-1.6307822866344985,-1.6003245482655086,-7,-2.7695255326388417,-1.4341510011800371,-7,-1.197225590780245,-7,-7,-7,1.7531539148797326,-0.6154672053413981,-0.2557851969204814,-7,-1.9318104263510525,-2.7695255326388417,-7,-7,-0.038911232731889685,-7,-2.3010213098612007,-2.7695255326388417,1.6479323385670082,-2.3010213098612007,-2.4814728998826636,-7,-7,-7,-7,1.2788450240324472,-7,-1.4341510011800371,-1.8239058456574238,2.0222138522152,1.0465732015633211,-7,-7,-7,-7,-1.5214320615697432,-1.7772809282944428,-7,-2.7695255326388417,-0.042105464936235876,-7,-7,-7,-0.7354180346040302,-1.2328433915347243,-7,-7,-7,-2.4814728998826636,-2.3010213098612007,-7,-7,-7,-7,-7,-7,-7,-7,-7,-7,1.15302174667939,-7,-7,-7,-7,-7,-7,-7,-1.0609797237881207,-7,-2.7695255326388417,-7,-7,-7,-7,-7,-2.7695255326388417,-2.4814728998826636,-7,-7,-7,-7,-7,-2.1739187153403536,-7,-7,-2.3010213098612007,-7,-7,-7,-7,-7,-7,-2.3010213098612007,-7,-7,-7,-7,1.5987467480221849
Autism,-7,-7,-0.7520264882741485,-7,-7,-7,-7,-2.7695255326388417,-7,-0.5195617091587988,-1.300161407278366,-2.7695255326388417,-7,-0.5077984087831164,-1.9999956570768955,-7,-7,-2.1739187153403536,1.75191006724016,1.17167088672575,-1.3968545443525349,-0.9991318450413628,-7,-7,-1.602058254153509,-7,1.2964238506984023,-7,-7,-2.1739187153403536,1.8445119682365068,-0.9645698615442242,-7,-7,-7,-7,-7,-2.4814728998826636,-7,-7,-7,-2.1739187153403536,-7,-2.4814728998826636,-2.3010213098612007,-7,-7,-7,-7,-1.5214320615697432,-7,-0.7950662067198748,-1.9999956570768955,-2.7695255326388417,-7,-1.2090108221698725,-7,-7,-2.0809166751918093,1.402553682072072,-1.6635382647990224,1.198602112238759,-7,-7,-7,-7,-7,1.4733701707490006,-7,-7,-0.8635962346312962,1.5570257235907494,-7,-1.498939367770271,-7,-7,-7,-7,0.8175455449193165,-7,-1.3968545443525349,-1.7351798167007801,1.4521392538859084,1.3941363543943472,-7,-7,-7,-7,-7,-2.0809166751918093,-7,-7,1.4449031643545875,-7,-7,-7,-2.4814728998826636,-1.9999956570768955,-7,-7,-7,-2.4814728998826636,-1.9318104263510525,-7,-7,-2.3010213098612007,-7,-7,-7,-2.7695255326388417,-7,-7,-7,-0.20328686736515164,-7,-7,-7,-7,-7,-7,-7,-0.9385471439212326,-0.6734591267241833,-7,-7,-7,-2.0809166751918093,-7,-7,-1.7772809282944428,-1.6989678328690379,-7,-7,-7,-7,-7,-7,-7,-7,-7,-7,-7,-7,-7,-7,-7,-7,-7,-7,-7,-1.5734871120673775,1.6390180762667312
Autism,-7,-7,-0.6133225377573918,-7,-7,-2.7695255326388417,-7,-7,-7,-1.330682189468113,-2.0809166751918093,-7,-7,-7,-1.1758735149677744,-7,-7,-2.7695255326388417,2.8866018227227634,-2.7695255326388417,-7,-7,-7,-7,-7,-7,-0.1083510003934997,-7,-7,-7,-2.7695255326388417,-7,-2.7695255326388417,-7,-7,-7,-1.602058254153509,-1.476252232907502,-7,-2.7695255326388417,-2.7695255326388417,-1.6989678328690379,-7,-7,-7,-7,-7,-7,-7,-1.9318104263510525,-7,-7,-7,-1.6307822866344985,-7,-0.1283102759572619,-7,-7,-7,1.7311292505208113,-7,-0.15033488312821505,-7,-7,-1.7351798167007801,-7,-7,-0.24749052242642516,-2.4814728998826636,-7,-2.7695255326388417,1.1861027240456334,-7,-2.1739187153403536,-7,-7,-7,-7,1.4901973473671801,-7,-7,-1.9318104263510525,1.1248627316808353,1.4994808826053891,-7,-7,-7,-7,-7,-2.7695255326388417,-7,-7,-7,-7,-7,-7,-2.4814728998826636,-0.8431477962858561,-7,-7,-7,-2.4814728998826636,-1.7772809282944428,-7,-7,-7,-7,-2.4814728998826636,-7,-7,-2.4814728998826636,-7,-7,-0.5152730534496478,-7,-7,-7,-7,-7,-7,-7,-7,-7,-7,-7,-7,-1.134303348402477,-7,-7,-0.20245541641697207,-7,-7,-7,-7,-7,-7,-7,-7,-7,-7,-2.7695255326388417,-7,-7,-7,-7,-7,-7,-7,-7,-7,-1.7351798167007801,1.584625179548728
Autism,-7,-7,-1.2211248053780914,-7,-7,-7,-2.7695255326388417,-7,-7,-2.4814728998826636,-7,-7,-7,-7,-7,-7,-7,-7,2.8186434867802124,-1.133712070039361,-7,-1.7351798167007801,-7,-7,-7,-7,-2.7695255326388417,-7,-7,-2.4814728998826636,-1.0867155679658127,-7,-2.7695255326388417,-7,-7,-7,-7,-7,-7,-2.3010213098612007,-7,-2.4814728998826636,-2.3010213098612007,-7,-7,-7,-7,-7,-7,-1.5734871120673775,-1.9999956570768955,-7,-7,-0.4270121757113315,-7,-1.345822495164167,-7,-7,-7,1.4623081360695678,-2.3010213098612007,-0.5007252805422416,-7,-2.7695255326388417,-7,-7,-7,1.457791095484143,-7,-7,-2.7695255326388417,-1.0695598954982917,-2.7695255326388417,-7,-7,-7,-7,-7,-1.1542813624981456,-7,-7,-2.3010213098612007,1.5558076069463431,-1.0695598954982917,-7,-2.7695255326388417,-7,-7,-7,-1.9999956570768955,-7,-7,-7,-7,-7,-7,-1.3151537410538658,-2.0757155437964894,-7,-7,-2.7695255326388417,-2.3010213098612007,-7,-7,-1.8728919606436893,-7,-2.1739187153403536,-7,-2.3010213098612007,-1.9999956570768955,-2.4814728998826636,-7,-7,-0.079146451767575,-2.3010213098612007,-7,-7,-7,-2.4814728998826636,-7,-7,-1.1864183443133005,-7,-2.4814728998826636,-7,-7,1.5026592293195455,-7,-7,1.8217689212937276,1.9844643027697124,-7,-7,-7,-7,-7,-0.4006627577510512,-1.1051297900137216,-1.6989678328690379,-0.12889424057867024,-2.4814728998826636,-7,-7,-7,-7,-7,-7,-7,-7,-7,-1.7351798167007801,0.2397998434496588
Autism,-7,-7,-1.097452677138812,-2.46850830977847,-2.7695255326388417,-7,-2.7695255326388417,-7,-2.292421308407472,-0.75227192158753,-7,-2.7695255326388417,-7,-7,-2.46850830977847,-7,-7,-1.3071521998017934,2.785239406981018,-7,-0.8007932463160005,-7,-7,-7,-1.5391006544969799,-7,1.1188927286764925,-7,-7,-7,0.4137020295337161,-1.9913955704699156,-7,-7,-2.7695255326388417,-7,-7,-2.7695255326388417,-7,-2.7695255326388417,-7,-2.292421308407472,-7,-7,-1.9913955704699156,-7,-7,-7,-7,-1.1260978215283306,-0.8501649957103283,-7,-7,-1.5391006544969799,-7,1.0252239192762016,-7,-7,-7,1.0161973576963936,-1.7281560710393262,-0.354282962440382,-7,-2.46850830977847,-1.9913955704699156,-7,-2.7695255326388417,-0.22271813580152278,-7,-2.46850830977847,-1.7281560710393262,-0.1929386923618116,-7,-2.46850830977847,-7,-7,-7,-7,1.2075266581564663,-7,-7,-7,1.9719573792172342,-0.03207774651081999,-7,-7,-7,-7,-7,-0.9303315331614052,-7,-7,1.4202198793754535,-7,-7,-7,-1.0877774118957166,-1.815305730665652,-7,-7,-7,-7,-7,-7,-7,-7,-7,-7,-7,-7,-2.46850830977847,-7,-2.7695255326388417,1.0037620251337331,-7,-7,-1.7281560710393262,-7,-7,-2.7695255326388417,-7,-0.5439376235875938,-7,-7,-7,-7,-1.593458116453769,-7,-7,-1.3223921348970997,-2.070575964968916,-7,-7,-7,-7,-7,-1.7281560710393262,-7,-2.7695255326388417,-0.19064226242508966,-7,-7,-7,-7,-7,-7,-1.815305730665652,-7,-7,-7,-7,1.6328114682462562
Autism,-7,-7,-0.8374352947876188,-2.3010213098612007,-2.4814728998826636,-7,-2.3010213098612007,-2.7695255326388417,-2.3010213098612007,-0.21126607053233698,-1.6635382647990224,-7,-7,-0.4960730597067046,-2.7695255326388417,-7,-2.7695255326388417,-2.7695255326388417,2.231973935678953,-7,-7,-7,-7,-7,-7,-7,1.2074458566778847,-7,-7,-2.3010213098612007,-2.7695255326388417,-2.0757155437964894,-7,-7,-7,-7,-7,-7,-7,-2.7695255326388417,-7,-1.9999956570768955,-1.1438749508911543,-7,-7,-7,-0.6097714607009052,-7,-7,-0.8133258499405017,-0.7239977800091538,-7,-7,0.6794279056977774,-7,1.1614279037860153,-7,-7,-7,1.9002414660798996,-1.5734871120673775,1.303174452353126,-7,-1.476252232907502,-1.498939367770271,-7,-7,1.2809424082729675,-7,-2.7695255326388417,-2.0757155437964894,-0.03357660713598943,-7,-1.8239058456574238,-7,-7,-7,-7,1.1210671707541042,-7,-2.7695255326388417,-0.7947953652947815,2.6909434867039597,-0.48478856306321627,-7,-7,-7,-7,-7,-0.759949978005674,-7,-7,-7,-7,-7,-7,-0.26921764360973693,-1.6307822866344985,-7,-7,-7,-1.258847612955678,-7,-7,-2.7695255326388417,-7,-7,-7,-7,-2.7695255326388417,-2.1739187153403536,-7,-2.7695255326388417,0.0891984021711476,-2.7695255326388417,-7,-7,-2.7695255326388417,-7,-2.7695255326388417,-7,-0.7088530161226562,-7,-1.498939367770271,-7,-7,-1.4341510011800371,-7,-7,-2.3010213098612007,-1.7351798167007801,-7,-7,-7,-7,-7,-0.5730008787689396,-1.345822495164167,-1.7772809282944428,1.3253309072970003,-7,-7,-7,-7,-7,-7,-7,-7,-7,-7,-7,1.6733066554036646
Autism,-7,-7,0.5917433685782061,-2.7695255326388417,-2.7695255326388417,-7,-7,-7,-2.0757155437964894,1.0312872529180745,-7,-7,-7,-7,-1.0695598954982917,-7,-7,-2.0757155437964894,2.842922367897306,-7,-7,-7,-7,-7,-7,-7,1.805718291463516,-7,-7,-1.6968017819158216,-2.7695255326388417,-7,-7,-7,-7,-7,-7,-7,-7,-2.7695255326388417,-7,-7,-7,-7,-7,-7,-7,-7,-7,-1.9318104263510525,-7,-7,-2.7695255326388417,-1.258060135506148,-7,-0.2416179824718895,-7,-7,-1.4975715143117967,1.5488069275889227,-7,-0.0814454170619755,-7,-7,-2.7695255326388417,-7,-7,-1.9318104263510525,-7,-7,-2.7695255326388417,1.1187374659996006,-7,-7,-7,-7,-7,-2.7695255326388417,-0.827396776925667,-7,-7,-2.4814728998826636,1.605649759593901,0.3265406889924916,-7,-7,-7,-7,-7,1.0091108103849984,-7,-0.8683810149017449,-7,-7,-7,-7,-0.16729946520076586,-1.4975715143117967,-7,-7,-2.7695255326388417,-1.4975715143117967,-1.3968545443525349,-7,-1.9318104263510525,-7,-7,-7,-7,-7,-2.1739187153403536,-2.7695255326388417,-7,-2.4814728998826636,-7,-7,-7,-7,-7,-2.1739187153403536,-7,-7,-7,-1.114073095446684,-7,-7,-0.7812017394747575,-7,-7,-0.35369422165824577,-1.8239058456574238,-7,-7,-7,-7,-7,-1.9318104263510525,-7,-1.5214320615697432,-0.32975405412791964,-7,-7,-2.7695255326388417,-7,-7,-7,-7,-7,-7,-7,-7,0.4468477256774126
Autism,-2.4814728998826636,-7,-0.011931751968197417,-7,-7,-7,-7,-7,-7,-7,-1.8728919606436893,-1.9999956570768955,-7,-1.2992954177273923,-7,-7,-7,-0.9767471287129463,2.677924346214978,-0.8517055938983548,-7,-0.6361998665960149,-7,-7,-2.4814728998826636,-7,0.027349648553579207,-7,-7,-2.7695255326388417,1.5810070404596384,-2.7695255326388417,-0.374687446124954,-7,-7,-7,-7,-7,-7,-7,-2.7695255326388417,-7,-7,-7,-7,-7,-7,-7,-7,-1.8728919606436893,-2.7695255326388417,-2.46850830977847,-7,-1.8728919606436893,-2.1739187153403536,-0.9129284386971436,-7,-7,-7,2.0902792206552574,-1.196542201499164,-0.04373544927092853,-7,-1.7351798167007801,1.4122420868908154,-7,-2.7695255326388417,1.6721163390827667,-7,-7,-2.3010213098612007,1.5943837107904018,-2.4814728998826636,-2.3010213098612007,-1.5214320615697432,-7,-1.6307822866344985,-7,-0.21623923280256394,-7,-2.4814728998826636,-2.0757155437964894,1.8280989472324165,1.5891785760293873,-7,-7,-7,-7,-7,-7,-7,-7,-0.0016098260912206397,-7,-7,-7,-2.0757155437964894,-0.856984887303944,-7,-7,-7,-7,-7,-7,-7,-7,-7,-7,-7,-7,-7,-7,-7,-0.2819967485985185,-7,-7,-2.0757155437964894,-7,-7,-7,-7,-7,-7,-7,-2.4814728998826636,-7,-2.7695255326388417,-7,-7,-1.9318104263510525,-7,-7,-7,-7,-7,-7,-7,-7,-7,-2.1739187153403536,-7,-7,-7,-7,-7,-7,-1.661541514223442,-7,-7,-7,1.17860289321919,1.7671929844247887
Autism,-7,-7,-2.0757155437964894,-7,-2.7695255326388417,-7,-7,-7,-7,-1.006122644598077,-7,-7,-7,-7,-1.9318104263510525,-7,-7,-7,2.8840410640221763,-7,-7,-7,-7,-7,-2.7695255326388417,-2.0757155437964894,0.6508900875590488,-7,-7,-7,-2.7695255326388417,-7,-7,-7,-7,-7,-7,-7,-7,-7,-7,-2.1739187153403536,-7,-7,-7,-7,-7,-7,-7,-1.4546916462297221,-7,-7,-7,-1.6968017819158216,-7,-1.3968545443525349,-7,-7,-7,1.3062319670205749,-2.7695255326388417,-0.07104110797154849,-7,-2.7695255326388417,-7,-7,-7,-7,-7,-7,-2.7695255326388417,1.5924066182742076,-7,-2.46850830977847,-7,-7,-7,-7,-0.6126099956717653,-7,-1.8239058456574238,-7,1.8097818556632779,1.1590857167252613,-7,-7,-7,-7,-7,-7,-7,-7,-7,-7,-7,-7,-1.7351798167007801,-0.653060341936914,-7,-7,-7,-1.7351798167007801,-1.300161407278366,-7,-1.9999956570768955,-7,-7,-7,-7,-7,-2.7695255326388417,-7,-7,-0.08496965692623923,-7,-7,-7,-2.4814728998826636,-7,-2.4814728998826636,-7,-0.4890529174095388,-7,-2.7695255326388417,-7,-7,-2.7695255326388417,-7,-7,-7,-2.4814728998826636,-7,-7,-2.7695255326388417,-7,-2.4814728998826636,-1.6003245482655086,-7,-1.7351798167007801,-0.14855812418554717,-7,-7,-7,-7,-7,-7,-7,-1.5734871120673775,-7,-2.7695255326388417,-7,1.1389970171860957
Autism,-7,-7,1.0192700367237209,-7,-7,-7,-2.7695255326388417,-7,-2.7695255326388417,-0.7994227995877194,-2.0757155437964894,-1.7351798167007801,-7,-7,-2.1739187153403536,-7,-7,-1.245650899686693,2.696415805329062,-7,-7,-0.35222585200514994,-7,-7,-1.9999956570768955,-7,1.846961503324545,-7,-7,-2.7695255326388417,2.0432262698880876,-7,-7,-7,-7,-7,-7,-2.7695255326388417,-7,-2.7695255326388417,-7,-2.1739187153403536,-7,-7,-7,-2.4814728998826636,-7,-7,-2.7695255326388417,-1.8728919606436893,-7,-2.1739187153403536,-7,-1.7772809282944428,-7,-0.8477113497758668,-7,-7,-7,2.0383300059972185,-1.3625092698101124,-0.43273819001491676,-2.7695255326388417,-1.245650899686693,-1.9999956570768955,-7,-7,-0.4172549207973729,-7,-7,-0.7517811935844259,-0.4041731127836302,-7,-7,-7,-7,-7,-7,-0.25594175582759277,-7,-1.7772809282944428,-1.2328433915347243,1.9552787539393521,0.18241468096901314,-7,-7,-7,-7,-7,1.3401465529335719,-7,-7,-7,-7,-7,-7,-1.4341510011800371,-0.8326823698135013,-7,-7,-2.7695255326388417,-7,-2.3010213098612007,-7,-7,-7,-7,-7,-7,-7,-2.4814728998826636,-7,-7,-0.14666683412095446,-7,-7,-7,-7,-7,-7,-7,-1.3625092698101124,-1.8239058456574238,-7,-7,-7,-2.1739187153403536,-7,-7,-7,-7,-7,-7,-7,-7,-7,-1.9999956570768955,-7,-7,-0.9079811778764051,-7,-7,-7,-7,-7,-7,-7,-7,-7,-7,-1.006122644598077,1.4860477357760224
Autism,-7,-7,-1.245650899686693,-7,-7,-7,-2.4814728998826636,-7,-2.7695255326388417,-0.4005535150457436,-7,-7,-7,-1.2090108221698725,-2.1739187153403536,-7,-7,-1.476252232907502,1.8128398551022757,-7,-7,-7,-7,-7,-7,-7,-2.7695255326388417,-2.7695255326388417,-1.9999956570768955,-1.5734871120673775,1.0539269902134278,-1.7772809282944428,-7,-7,-7,-7,-7,-7,-7,-2.7695255326388417,-7,-2.4814728998826636,-7,-7,-7,-7,-2.7695255326388417,-7,-7,-1.498939367770271,-2.1739187153403536,-7,-7,-0.7642188773224364,-7,-0.9079811778764051,-7,-7,-7,1.8945597315671792,-0.9991318450413628,-0.25212221657219663,-7,-7,-1.5734871120673775,-7,-7,1.2497851782756768,-7,-2.4814728998826636,-1.9318104263510525,1.8828488575737925,-7,-2.7695255326388417,-7,-7,-7,-7,-0.5785604452121595,-7,-7,-0.9446212863236876,2.0050903831848417,-0.2747418518828023,-7,-7,-7,-7,-2.0757155437964894,-0.07216781585292985,-7,-7,-7,-1.8728919606436893,-7,-7,-1.8239058456574238,-0.8133258499405017,-7,-7,-7,-2.3010213098612007,-7,-7,-2.7695255326388417,-7,-7,-7,-7,-7,-7,-7,-7,1.122641772900018,-7,-7,-7,-7,-7,-2.7695255326388417,-7,-7,-7,-2.7695255326388417,-7,-7,-1.0958250902018576,-7,-7,-0.6248851322157049,-1.133712070039361,-7,-7,-7,-7,-7,-2.3010213098612007,-7,-7,-0.541664222843971,-7,-7,-7,-7,-7,-7,-7,-7,-7,-7,-7,-0.07129692139164472
Autism,-7,-7,-0.8124789971542247,-7,-7,-7,-7,-7,-7,-1.8210201765939573,-2.7695255326388417,-7,-7,-1.7351798167007801,-2.7695255326388417,-7,-7,-1.8728919606436893,2.732339871874563,-0.5358084802194374,-0.7762442869076619,-0.5162699584213779,-2.4814728998826636,1.043872916317073,-2.7695255326388417,-7,1.5985935538677751,-7,-7,2.0005078279564095,1.859025955471324,-1.3288262312848764,-7,-7,-7,-7,-7,-2.7695255326388417,-7,-2.7695255326388417,-7,-7,-7,-7,-7,-7,-7,-7,-7,-1.7772809282944428,-1.474953896563651,-2.46850830977847,-7,-1.3288262312848764,-7,-1.6003245482655086,-7,-7,-7,1.4195592548485387,-1.1135087108090767,-0.8572974415954834,-7,-1.0127803228270535,-1.6968017819158216,-7,-7,-0.43191555127600273,-7,-2.7695255326388417,-2.7695255326388417,-0.906928343103915,-7,-1.6003245482655086,-2.3010213098612007,-7,-7,-7,1.0392554477740952,-7,-7,-1.3788226792441935,1.5458759059321041,1.269769711456459,-7,-7,-7,-7,-1.661541514223442,1.022304627060598,1.5829265470446807,-7,-0.06454306890035709,-7,-7,-7,-2.7695255326388417,-1.2204027873233694,-7,-7,-7,-1.7772809282944428,-2.7695255326388417,-7,-2.7695255326388417,-7,-7,-7,-7,-7,-7,-7,-7,-0.42411956899953873,-2.7695255326388417,-7,-1.8210201765939573,-7,-7,-2.7695255326388417,-2.4814728998826636,-0.3960980601542066,-0.37664721508318627,-7,-7,-7,-1.0952839138817032,-7,-2.7695255326388417,-1.474953896563651,-2.4814728998826636,-7,-7,-7,-7,-7,-1.8728919606436893,-7,-7,-0.5332804800444485,-7,-7,-7,-7,-7,-7,-2.3010213098612007,-1.8728919606436893,-7,-7,-0.28777124613324073,1.6191664039212081
Autism,-7,-7,-0.6439739514877644,-7,-7,-2.7695255326388417,-2.7695255326388417,-7,-2.4814728998826636,-1.0291879246416538,-7,-7,-7,-7,-1.9318104263510525,-7,-7,-7,2.8239122153514202,-7,-7,-7,-7,-7,-7,-7,-7,-7,-7,-7,-2.7695255326388417,-7,-7,-7,-7,-7,-7,-7,-7,-7,-7,-2.4814728998826636,-1.087246165406652,-2.7695255326388417,-2.7695255326388417,-7,-7,-7,-7,-2.0809166751918093,-2.7695255326388417,-7,-7,-1.602058254153509,-7,-1.9999956570768955,-7,-7,-2.3010213098612007,1.9501749312244787,-1.476252232907502,1.0035036190505862,-7,-2.0809166751918093,-2.7695255326388417,-7,-7,1.3651696370877142,-7,-1.7772809282944428,-1.8728919606436893,-0.9995654886602768,-2.7695255326388417,-2.7695255326388417,-7,-7,-7,-7,1.6330844917830567,-7,-2.3010213098612007,-2.7695255326388417,1.5189217232928651,1.6979960943792867,-7,-7,-7,-7,-7,-7,-7,-7,-2.7695255326388417,-7,-7,-7,-2.3010213098612007,-1.6307822866344985,-7,-7,-7,-2.1739187153403536,-7,-7,-7,-7,-7,-7,-7,-7,-7,-7,-7,-0.1787485029100732,-7,-7,-7,-7,-7,-2.7695255326388417,-7,-7,-7,-7,-7,-7,-2.4814728998826636,-7,-7,-1.8239058456574238,-2.7695255326388417,-7,-7,-7,-7,-7,-1.7772809282944428,-7,-7,-0.4196452247555832,-7,-7,-7,-7,-7,-7,-7,-7,-7,-7,-1.1438749508911543,1.8227889910081392
Autism,-7,-7,-1.087246165406652,-7,-7,-7,-7,-7,-2.7695255326388417,-1.0287236872723116,-2.7695255326388417,-7,-7,-1.245650899686693,-2.0757155437964894,-7,-7,-2.0757155437964894,2.695502690318484,-0.10874132730980392,-7,-0.25469086199078395,-7,-7,-1.0783130044035574,-7,1.1885629069712405,-7,-7,-7,0.3053083893659988,-7,-7,-7,-7,-7,-7,-2.7695255326388417,-7,-7,-7,-2.7695255326388417,-7,-7,-7,-7,-7,-7,-7,-1.7772809282944428,-1.5466801307497324,-2.7695255326388417,-7,-1.2716454062141436,-2.3010213098612007,-0.9918253897970389,-7,-7,-7,2.105472714950707,-1.476252232907502,-0.24305968794794788,-2.7695255326388417,-0.6699920959960994,-1.3297532189472052,-7,-7,1.2158753981031303,-7,-2.4814728998826636,-1.245650899686693,-0.40055351504574366,-7,-2.3010213098612007,-7,-7,-7,-7,1.359930298008171,-2.4814728998826636,-7,-2.0757155437964894,2.2860385917786945,1.330109256623667,-7,-7,-7,-7,-7,-0.0721165383948591,-7,-7,-7,-7,-7,-7,-2.7695255326388417,-2.3010213098612007,-7,-7,-7,-1.3968545443525349,-7,-7,-7,-7,-7,-7,-2.7695255326388417,-7,-1.7772809282944428,-7,-7,-0.06869466770630424,-7,-7,-1.6989678328690379,-7,-7,-7,-7,-0.7728846599749808,-2.7695255326388417,-2.7695255326388417,-7,-7,-7,-7,-7,-2.3010213098612007,-2.4814728998826636,-7,-7,-7,-7,-7,-2.7695255326388417,-7,-7,-1.300161407278366,-7,-7,-7,-7,-7,-7,-2.7695255326388417,-7,-7,-7,-7,1.5376050434112223
Autism,-7,-7,-7,-7,-2.7695255326388417,-7,-7,-7,-7,-1.7351798167007801,-2.4814728998826636,-7,-2.7695255326388417,-1.3142573659461194,-2.3010213098612007,-7,-7,-0.9918253897970389,2.821069836796961,-7,-7,-2.7695255326388417,-7,-7,-7,-7,1.868632685251565,-7,-7,-7,-2.7695255326388417,-1.3788226792441935,-7,-7,-7,-7,-7,-7,-7,-7,-7,-7,-7,-7,-7,-7,-7,-7,-7,-2.1739187153403536,-7,-7,-7,-1.7772809282944428,-7,-1.5734871120673775,-7,-7,-7,1.7633680874930653,-7,-0.5730008787689396,-7,-7,-1.0695598954982917,-7,-7,1.1211000332624335,-7,-7,-7,-0.17502847389135245,-7,-7,-7,-7,-7,-7,-1.300161407278366,-7,-7,-1.1051297900137216,1.4837013837653397,1.386962442996265,-7,-7,-7,-7,-7,-0.18382494325657803,-7,-2.3010213098612007,-7,-7,-2.7695255326388417,-7,-1.2211248053780914,-1.4341510011800371,-2.7695255326388417,-7,-7,-1.8728919606436893,-7,-7,-2.7695255326388417,-7,-7,-7,-7,-7,-2.4814728998826636,-7,-7,1.8029241641469667,-7,-7,-7,-7,-7,-7,-7,-0.23180596430580214,-7,-7,-7,-7,-1.7772809282944428,-7,-7,-1.0609797237881207,-7,-7,-7,-7,-7,-7,-2.7695255326388417,-7,-7,-1.6003245482655086,-7,-7,-7,-7,-7,-7,-7,-7,-7,-7,1.6131438551750508,-0.4005535150457436
Autism,-7,-7,-0.21360346760652707,-2.4814728998826636,-2.4814728998826636,-2.4814728998826636,-2.7695255326388417,-7,-2.7695255326388417,-0.3638130044327914,-2.1739187153403536,-7,-7,-1.3788226792441935,-1.9318104263510525,-7,-7,-7,2.6270266877960213,-7,-7,-7,-7,-7,-7,-7,-0.5568933867038286,-2.7695255326388417,-7,-2.0757155437964894,-1.9318104263510525,-2.7695255326388417,-7,-7,-7,-7,-7,-7,-7,-2.4814728998826636,-7,-2.1739187153403536,-7,-7,-2.7695255326388417,-7,-7,-7,-7,-1.3142573659461194,-0.32066287860361775,-7,-7,1.1110944138720498,-7,-0.14056140451806717,-7,-7,-7,2.233270315315859,1.0324978868869374,1.0592604079107246,-7,-2.7695255326388417,-1.3297532189472052,-7,-7,2.338872659236548,-7,-2.1739187153403536,-1.6989678328690379,-0.4960730597067046,-2.7695255326388417,-7,-7,-7,-7,-7,-0.5840254219717079,-7,-7,-0.3346065558796582,1.855488869688799,-0.4004442998125041,-2.7695255326388417,-7,-7,-7,-7,-1.9318104263510525,-7,-7,-7,-7,-7,-7,-2.1739187153403536,-0.4847885630632163,-7,-7,-7,-7,-1.7351798167007801,-7,-7,-7,-7,-7,-7,-7,-2.0757155437964894,-7,-7,-1.3788226792441935,-7,-7,-7,-2.7695255326388417,-7,-7,-7,-1.9999956570768955,-7,-7,-7,-7,-0.018181347543157166,-7,-2.0757155437964894,-0.21481250875147673,-1.9999956570768955,-7,-7,-7,-1.1536622692175271,-7,-7,-7,-7,-1.6635382647990224,-7,-7,-7,-7,-7,-7,-7,-7,-7,-7,-2.7695255326388417,1.2332246288431659
Autism,-7,-7,-2.1739187153403536,-7,-7,-7,-7,-7,-7,-2.7695255326388417,-2.0757155437964894,-2.7695255326388417,-7,-1.519991618984032,-1.9956743262932788,-7,-7,-0.025580380083388587,2.61038757917244,-2.7695255326388417,-0.45518796437045544,-0.00890684762178119,-7,-7,-7,-7,1.9332645161102393,-7,-7,2.22367242672498,1.6461507235539425,-0.6291167983375966,1.4392537255974378,-7,-7,-7,-7,-7,-7,-2.7695255326388417,-2.7695255326388417,-2.3010213098612007,-7,-7,-7,-7,-7,-7,-7,-2.3010213098612007,-7,-1.4134115702144643,-2.1739187153403536,-7,-7,-1.2313611588987023,-7,-7,-2.7695255326388417,1.63155537342735,-1.360512514644295,-0.48306805904731087,-7,-2.3010213098612007,-1.1844215876173996,-7,-7,-0.15832768739296743,-7,-2.46850830977847,-1.661541514223442,1.1717995639727743,-7,-1.519991618984032,-7,-7,-7,-7,-0.5765901084440472,-7,-2.7695255326388417,-2.46850830977847,1.260500700122964,1.2491494224915225,-7,-7,-7,-7,-7,-2.7695255326388417,-7,-7,1.4985999883549839,-7,-7,-7,-2.7695255326388417,-0.037346547777401436,-7,-7,-7,-7,-1.5985977358310741,-0.9969700981710431,-7,-7,-7,-7,-7,-7,-7,-2.7695255326388417,-7,1.3419486483887273,-2.7695255326388417,-7,-7,-7,-7,-2.7695255326388417,-7,-0.37561465544641026,-7,-7,-7,-7,1.2947086601441014,-7,-2.3010213098612007,-1.1319430497024494,-1.0043643667213769,-7,-7,-7,-2.7695255326388417,-7,-1.661541514223442,-7,-7,-0.4005535150457436,-7,-7,-2.0757155437964894,-7,-7,-7,-7,-7,-7,-7,-7,1.5379072051145393
Autism,-7,-7,-0.28861453649057855,-7,-7,-7,-7,-7,-7,-7,-0.550675752567796,-2.3010213098612007,-7,-1.2076076100273403,-1.076755463118861,-7,-7,-0.7846265827255002,2.5572340279099577,1.2197940293101048,-1.284831805361439,-0.21353245225016118,-7,-7,-7,-7,-0.16519788242080782,-7,-7,-7,1.6068809473816958,-2.3010213098612007,-7,-2.7695255326388417,-7,-7,-7,-2.1739187153403536,-7,-7,-7,-2.46850830977847,-2.3010213098612007,-7,-7,-7,-7,-7,-7,-1.8210201765939573,-2.0757155437964894,-2.46850830977847,-7,-2.0757155437964894,-7,-0.8121970794552725,-7,-7,-7,2.0459915126139014,-1.1129450586621426,1.409696479908736,-7,-0.10840673990793977,0.1958996800713018,-7,-7,1.2104790453201337,-7,-2.7695255326388417,-2.3010213098612007,-0.032358389128100844,-2.7695255326388417,-1.6289302896705706,-7,-7,-7,-7,0.42390093489218733,-7,-2.7695255326388417,-0.8265220652697846,2.3474451614796212,1.2104790453201337,-7,-7,-7,-7,-7,-7,-1.432972456892719,-7,-0.25735333151280254,-7,-7,-7,-2.0757155437964894,-0.32873447447248866,-7,-7,-7,-7,-2.7695255326388417,-7,-7,-7,-7,-7,-7,-7,-7,-7,-7,1.7051621202155873,-7,-7,-7,-7,-7,-2.7695255326388417,-7,-0.8074322679122717,-7,-7,-7,-7,-0.574465616478313,-2.1739187153403536,-2.3010213098612007,-2.7695255326388417,-1.3957728665823415,-7,-7,-2.46850830977847,-7,-7,-1.9318104263510525,-7,-7,-1.152426723962755,-7,-7,-7,-1.3957728665823415,-7,-7,-7,-7,-7,-7,-7,0.5232260549841206
Autism,-7,-7,-0.3950182625469196,-7,-7,-7,-2.7695255326388417,-7,-7,-0.9918253897970389,-0.6127880216237876,-7,-7,-1.2856694018492405,-2.0757155437964894,-7,-7,-0.2355248978675442,2.6194856888391667,-2.7695255326388417,-7,-0.13864478004418979,-7,-7,-7,-1.9999956570768955,1.631798772250743,-7,-7,-0.18715339620811744,2.0188776750527304,-7,-7,-7,-7,-7,-7,-7,-7,-2.7695255326388417,-7,-2.1739187153403536,-7,-7,-7,-7,-7,-7,-7,-1.9999956570768955,-1.6989678328690379,-2.4814728998826636,-2.7695255326388417,-1.0447929809788552,-7,-0.7947953652947815,-7,-7,-7,2.058513330510527,-1.0783130044035574,-0.4611748854708819,-7,-0.7728846599749808,-1.0287236872723116,-7,-7,1.1210671707541042,-2.7695255326388417,-7,-0.9991318450413628,-0.1772436017313512,-7,-2.3010213098612007,-7,-7,-7,-7,1.555550280178649,-7,-2.0757155437964894,-0.842542929642858,1.7665838548186514,1.7754283927765468,-7,-7,-7,-7,-7,-2.3010213098612007,-7,-7,-0.2928557264182145,-7,-7,-7,-1.6003245482655086,-2.7695255326388417,-7,-7,-7,-2.4814728998826636,-2.7695255326388417,-7,-7,-7,-7,-7,-7,-7,-2.1739187153403536,-7,-7,1.5878119531153638,-7,-7,-7,-7,-7,-7,-7,-7,-7,-7,-7,-7,-2.0757155437964894,-7,-7,-1.1643087945014943,-7,-7,-7,-7,-7,-7,-1.3968545443525349,-2.7695255326388417,-2.3010213098612007,-0.8133258499405017,-7,-2.7695255326388417,-7,-7,-7,-7,-1.0530562385742237,-7,-7,-7,-0.489320834967662,1.7467587107491698
Autism,-7,-7,-1.301029127075886,-7,-7,-7,-7,-7,-7,-0.8428452576603406,-0.8329779085703057,-7,-7,-0.945003755832717,-1.9318104263510525,-7,-7,-0.48082840477307126,2.7085772520810454,-7,-7,1.053116878765904,-7,-2.7695255326388417,-7,-7,-7,-7,-7,-2.0809166751918093,0.7827950075506133,-7,-7,-7,-7,-7,-7,-7,-7,-7,-7,-7,-7,-7,-7,-7,-7,-7,-7,-1.476252232907502,-2.4814728998826636,-7,-2.7695255326388417,-1.2335864092333024,-7,-0.5788897055139606,-7,-7,-7,2.145358032130392,1.462832076874346,-0.4292235145221719,-7,-2.3010213098612007,-0.5600359063832335,-7,-7,-0.4390178250693232,-7,-7,-0.5705705740503548,-0.002963245390685126,-7,-1.9999956570768955,-7,-7,-7,-7,1.4125781371108737,-7,-2.3010213098612007,-0.8136085015607956,0.8463989792203248,1.371751109185443,-7,-7,-7,-7,-1.2090108221698725,-1.0530562385742237,-7,-1.2335864092333024,-0.03395213196264024,-7,-7,-7,-1.6307822866344985,-0.32111749435849835,-7,-7,-2.7695255326388417,-7,-2.7695255326388417,-7,-7,-7,-7,-7,-7,-7,-7,-7,-2.7695255326388417,0.11627562080888901,-7,-1.9999956570768955,-7,-7,-7,-2.1739187153403536,-7,-0.26026939235763463,-7,-7,-7,-7,1.0347888352598094,-1.9999956570768955,-7,1.0569429494821438,-2.3010213098612007,-7,-7,-2.1739187153403536,-2.3010213098612007,-7,-1.134303348402477,-7,-2.4814728998826636,-0.8635962346312962,-7,-7,-2.7695255326388417,-7,-7,-7,-1.8239058456574238,-7,-7,-7,-1.7351798167007801,1.5083142029234973
Autism,-7,-7,-0.902395324245151,-7,-2.7695255326388417,-7,-2.7695255326388417,-2.7695255326388417,-2.7695255326388417,-0.6472386155134592,-1.9999956570768955,-7,-7,-2.7695255326388417,-1.175222887383501,-7,-7,-2.7695255326388417,2.6859932879910358,-7,-7,-7,-7,-7,-1.8728919606436893,-7,1.1507871340343663,-7,-7,-2.1739187153403536,1.8778658379784547,-7,-7,-7,-7,-7,-7,-7,-7,-1.9318104263510525,-7,-2.3010213098612007,-7,-7,-7,-7,-7,-7,-7,-1.300161407278366,-7,-7,-1.8239058456574238,-2.7695255326388417,-7,-1.435332752385812,-7,-7,-2.3010213098612007,1.7527243456249906,-1.602058254153509,-0.03254558500819926,-7,-2.7695255326388417,-2.4814728998826636,-7,-7,1.1649176690717107,-7,-7,-7,-0.12633064920138468,-7,-1.2211248053780914,-7,-7,-0.6133225377573918,-7,-0.5956793615940374,-2.7695255326388417,-0.4765135375505957,-1.045274727007351,1.6105004677080201,1.6607801288556778,-7,-7,-7,-7,-7,1.5699237469627605,-7,-7,-7,-7,-7,-7,-2.0809166751918093,-1.0963669417257365,-7,-1.3151537410538658,-7,-1.6635382647990224,-1.5228772976344773,-7,-2.7695255326388417,-7,-7,-7,-2.7695255326388417,-7,-2.4814728998826636,-7,-7,1.4107603689312336,-2.4814728998826636,-7,-7,-7,-7,-7,-7,-7,-7,-7,-7,-7,-0.18655238900278046,-2.0809166751918093,-7,-7,2.1367966415952733,-7,-7,-1.9318104263510525,-2.7695255326388417,-7,-7,-7,-7,-2.3010213098612007,-7,-7,-2.7695255326388417,-7,-7,-7,-7,-7,-7,-7,-7,1.2838437600549701
Autism,-7,-7,-0.8178705004148916,-7,-2.4814728998826636,-7,-7,-7,-2.4814728998826636,-0.6217836684609254,-1.476252232907502,-0.842542929642858,-7,-7,-1.7772809282944428,-7,-7,-1.5466801307497324,2.610143599188295,-7,-0.26256871998799086,-0.7437632260544088,-1.8239058456574238,1.3173946772114467,-7,-7,-0.14158306210825844,-7,-7,-7,2.4783266296996853,-0.5924389806019016,-7,-7,-7,-7,-7,-2.7695255326388417,-7,-7,-7,-7,-7,-7,-7,-7,-7,-7,-2.3010213098612007,-1.6989678328690379,-1.258847612955678,-1.3968545443525349,-7,-1.6307822866344985,-7,-0.46954402838041287,-7,-7,-7,1.5994900662176137,-1.4546916462297221,-0.057743799975228764,-7,-1.006122644598077,-1.3297532189472052,-7,-7,-2.0757155437964894,-7,-7,-1.7772809282944428,-0.4696720821492455,-7,-1.5466801307497324,-7,-7,-7,-7,1.3440521744392777,-7,-1.7772809282944428,-1.4546916462297221,1.8537468701046416,1.234061493299898,-7,-7,-7,-7,-7,-2.7695255326388417,-7,-7,1.4793881374359719,-2.4814728998826636,-7,-7,-1.9999956570768955,-1.0287236872723116,-2.7695255326388417,-7,-7,-2.3010213098612007,-2.1739187153403536,-7,-7,-7,-7,-7,-7,-7,-7,-7,-7,-0.32679462605320525,-7,-7,-1.3142573659461194,-7,-7,-7,-1.7772809282944428,-1.6635382647990224,-7,-7,-7,-7,-2.4814728998826636,-7,-7,-2.3010213098612007,-1.8239058456574238,-7,-7,-7,-7,-7,-2.7695255326388417,-7,-7,-1.6989678328690379,-7,-7,-7,-7,-7,-7,-1.1438749508911543,-7,-7,-7,-0.6156464066241973,1.4921874701291005
Autism,-7,-7,-0.992251795384065,-7,-2.7695255326388417,-7,-2.7695255326388417,-7,-7,-1.2211248053780914,-7,-7,-2.7695255326388417,-7,-1.2865086168788584,-7,-7,-1.8728919606436893,2.736757334802264,-2.4814728998826636,-7,-2.7695255326388417,-7,-7,-7,-7,1.2056103126075632,-2.7695255326388417,-7,-2.0809166751918093,-0.4658467988653851,-7,-7,-7,-7,-7,-7,-2.4814728998826636,-7,-7,-2.7695255326388417,-7,-2.0809166751918093,-7,-7,-7,-7,-7,-2.7695255326388417,-1.6307822866344985,-2.7695255326388417,-7,-7,-1.0371568457113443,-7,-0.7604500289899665,-7,-7,-7,1.9133422285240014,-1.3625092698101124,1.2685311727270234,-7,-1.9318104263510525,-7,-7,-7,1.8580195861610502,-7,-7,-1.6307822866344985,0.05812225377228253,-7,-2.3010213098612007,-7,-7,-7,-2.7695255326388417,-1.1438749508911543,-7,-2.7695255326388417,-1.0371568457113443,2.3265468114569696,-0.2876027843787341,-7,-2.7695255326388417,-7,-7,-7,-2.7695255326388417,-0.14813033818803242,-7,-0.7731421721226922,-7,-2.7695255326388417,-7,-1.498939367770271,-1.1758735149677744,-7,-7,-7,-1.9999956570768955,-2.1739187153403536,-7,-1.8728919606436893,-7,-7,-7,-7,-7,-7,-7,-7,-0.2848325584724593,-7,-7,-7,-2.7695255326388417,-7,-1.8728919606436893,-7,-7,-7,-1.8728919606436893,-7,-7,-0.958212286573857,-7,-7,-1.1864183443133005,-1.9318104263510525,-7,-7,-7,-2.1739187153403536,-7,-1.7772809282944428,-7,-1.8728919606436893,-0.7401670621820565,-7,-7,-7,-7,-7,-7,-1.8728919606436893,-7,-7,-7,-7,-0.22366201769456187
Autism,-7,-7,-0.34027380968899595,-7,-7,-7,-7,-7,-7,-1.3288262312848764,-2.4814728998826636,-7,-7,-1.6968017819158216,-1.7351798167007801,-7,-7,-1.153044057207526,2.843949986545907,-7,-0.253910879015495,-0.16253776537145664,-7,-7,-2.1739187153403536,-7,1.8196952548817822,-7,-7,-2.3010213098612007,1.500424483360929,-1.7351798167007801,-7,-7,-7,-7,-7,-7,-7,-7,-7,-7,-7,-7,-7,-7,-7,-7,-7,-2.4814728998826636,-2.1739187153403536,-7,-7,-7,-7,-1.6307822866344985,-7,-7,-7,1.518553420715852,-0.6491705327949256,-0.3681504364642643,-7,-2.4814728998826636,-2.7695255326388417,-7,-7,-0.8368383267439069,-7,-7,-2.1739187153403536,-1.5466801307497324,-7,-7,-7,-7,-7,-7,-1.0520758905468113,-7,-1.7772809282944428,-2.0757155437964894,1.4145388378688357,1.7528241049351638,-7,-7,-7,-7,-7,-7,-7,-0.5022411436661925,1.1735358979222887,-7,-7,-7,-2.4814728998826636,-0.9374176397594612,-7,-7,-7,-2.1739187153403536,-1.9999956570768955,-7,-7,-7,-7,-7,-7,-7,-2.0757155437964894,-7,-7,-1.0520758905468113,-7,-7,-1.1636752512113746,-7,-7,-7,-7,-0.21169011718398764,-7,-7,-7,-7,-0.7896812125863694,-7,-7,-0.22738487683981543,-1.0861856179891893,-7,-7,-7,-2.4814728998826636,-7,-7,-7,-7,-1.5451536161538757,-7,-7,-2.7695255326388417,-7,-7,-7,-1.8210201765939573,-2.3010213098612007,-7,-7,-1.5718635854724363,1.3121350275966124
Autism,-7,-7,-0.46737287137468225,-2.7695255326388417,-7,-7,-7,-7,-1.8239058456574238,-0.26376282137896406,-1.1536622692175271,-7,-2.7695255326388417,1.100405015012397,-1.2090108221698725,-7,-7,-1.1051297900137216,2.5402506189033747,-7,-0.4737898668655649,-7,-7,-7,-1.2716454062141436,-7,1.6934543312817147,-7,-7,-2.7695255326388417,2.087621011824714,-0.8683810149017449,-2.4814728998826636,-7,-7,-7,-7,-1.3615097446683908,-7,-7,-2.7695255326388417,-2.1739187153403536,-2.3010213098612007,-2.7695255326388417,-7,-7,-7,-7,-7,-0.8374352947876188,-1.9999956570768955,-2.4814728998826636,-1.9318104263510525,-1.1051297900137216,-7,-0.11041814184851248,-7,-7,-7,2.1178047194966827,-0.7476322426461636,1.4274374202673688,-7,1.4222450264844102,-1.3297532189472052,-7,-7,1.235452693788627,-7,-2.0757155437964894,-1.197225590780245,-0.1179879813867972,-2.4814728998826636,-7,-7,-7,-7,-7,1.0625067789694596,-7,-1.3968545443525349,-0.7726273004269791,2.0255434335149287,0.2564772303023122,-7,-7,-7,-7,-7,1.1055783074577341,-7,-7,-7,-7,-7,-2.0757155437964894,-1.1051297900137216,-1.8239058456574238,-2.7695255326388417,-7,-1.6307822866344985,-2.4814728998826636,-2.1739187153403536,-1.9318104263510525,-2.7695255326388417,-7,-7,-7,-2.7695255326388417,-7,-2.3010213098612007,-7,-7,0.04257555181412191,-2.4814728998826636,-7,-7,-7,-7,-2.3010213098612007,-7,-0.7435225531520288,-7,-7,-7,-7,-2.0757155437964894,-7,-7,-2.1739187153403536,-2.7695255326388417,-7,-7,-7,-7,-7,-2.4814728998826636,-7,-2.4814728998826636,-1.3788226792441935,-7,-7,-7,-7,-7,-7,-7,-7,-7,-7,-1.8728919606436893,1.7695840844864164
Autism,-7,-7,-1.0861856179891893,-7,-7,-7,-7,-7,-2.3010213098612007,-1.0282599456178245,-1.474953896563651,-2.3010213098612007,-7,-7,-2.4814728998826636,-7,-7,-1.5718635854724363,2.602386675134755,-7,-7,-0.4648323882316821,-7,-7,-2.4814728998826636,-7,1.2088442920257116,-7,-7,-2.4814728998826636,1.361368924633395,-2.7695255326388417,-2.7695255326388417,-2.0757155437964894,-1.7351798167007801,-7,-7,-2.4814728998826636,-7,-2.4814728998826636,-7,-2.7695255326388417,-7,-2.7695255326388417,-1.6635382647990224,-7,-7,-7,-7,-2.7695255326388417,-2.0757155437964894,-2.7695255326388417,-7,-1.0132278180077159,-7,-0.6397851972219307,-7,-7,-7,2.133551681868817,-0.011663999532294723,-0.7554752411096667,-7,-2.4814728998826636,-1.9999956570768955,-7,-7,1.096144984774826,-7,-7,-1.5718635854724363,0.9031062781581366,-7,-2.3010213098612007,-7,-7,-7,-7,1.7491153415212701,-7,-2.4814728998826636,-1.8210201765939573,2.19897856602778,-0.5436338150197662,-7,-7,-7,-7,-7,-7,-2.7695255326388417,-7,-0.25940040826926464,-7,-7,-7,-1.414538142455349,-2.4814728998826636,-7,-2.7695255326388417,-7,-2.7695255326388417,-2.7695255326388417,-7,-7,-7,-7,-7,-7,-7,-7,-7,-7,-0.06986630314943247,-7,-7,-7,-7,-7,-7,-7,-1.3142573659461194,-2.3010213098612007,-7,-7,-7,-1.5214320615697432,-7,-7,-0.8626455720882149,-7,-7,-7,-7,-7,-7,-1.8210201765939573,-7,-7,-0.7235379660413764,-7,-7,-2.7695255326388417,-7,-7,-7,-2.7695255326388417,-7,-7,-7,-0.34843116425835863,0.8377777758634017
Autism,-7,-7,-0.7423211851891791,-2.7695255326388417,-2.7695255326388417,-7,-2.7695255326388417,-2.46850830977847,-1.7351798167007801,-0.05300761018435198,-0.400881325633178,-0.8119153446415203,-7,-7,-1.7351798167007801,-7,-7,-1.774688133195629,2.468025183228506,0.02023698536298491,-0.47249886010988085,-0.19354860893661552,-7,-7,-1.2076076100273403,-7,0.5740312793089049,-7,-7,-7,0.801863153551442,-7,-7,-7,-7,-7,-7,-7,-2.7695255326388417,-2.3010213098612007,-7,-2.3010213098612007,-7,-7,-2.7695255326388417,-2.3010213098612007,-7,-2.7695255326388417,-2.1739187153403536,-1.2196819676374244,-1.2572740833533682,-1.1420641329308057,-2.46850830977847,-1.3777849405325981,-7,-1.360512514644295,-7,-7,-7,2.2800522552715012,-0.15864046696669407,1.3878345741688842,-7,-1.103473231375665,-0.8119153446415203,-7,-7,-0.2505728235466196,-7,-1.8728919606436893,-1.152426723962755,1.2954769354670128,-2.7695255326388417,-1.0273339452266999,-7,-7,-7,-2.3010213098612007,0.5935851065252109,-7,-1.8728919606436893,-0.582528140718543,1.8129734862303428,0.5525465601241804,-7,-7,-7,-2.7695255326388417,-7,0.04060237966730286,-7,-7,-7,-7,-7,-7,-1.2076076100273403,-0.38997886873437493,-2.7695255326388417,-7,-1.8210201765939573,-1.9956743262932788,-2.1739187153403536,-7,-7,-7,-7,-7,-2.7695255326388417,-7,-2.3010213098612007,-7,-7,-0.4638203415042007,-7,-7,-7,-7,-7,-7,-1.9318104263510525,-0.9974015875760496,-2.0757155437964894,-7,-7,-7,-1.5451536161538757,-7,-7,-1.2708344000570866,-2.1739187153403536,-7,-7,-7,-2.7695255326388417,-7,-1.774688133195629,-7,-7,-0.6550183898258447,-7,-7,-7,-7,-7,-7,-2.1739187153403536,-7,-7,-7,-2.7695255326388417,2.1551628928708015
Autism,-7,-7,1.1300988674770278,-7,-7,-7,-7,-7,-2.7695255326388417,-0.3381872198452149,-2.7695255326388417,-7,-7,-7,-1.8696630145207465,-7,-2.7695255326388417,-2.7695255326388417,2.7189573344908275,-7,-7,-7,-7,-7,-7,-7,-0.15107222527554826,-7,-7,-7,1.917593200351571,-7,-7,-7,-7,-7,-7,-1.7721107256040958,-7,-7,-2.7695255326388417,-1.7721107256040958,-7,-7,-2.292421308407472,-7,-7,-7,-7,-1.3565463364820207,-1.2659999121810204,-7,-2.7695255326388417,-0.7180578396551165,-7,-0.7667497366340283,-7,-7,-7,2.076188805122586,-1.3089176233677857,-0.21006684862308383,-7,-7,-7,-7,-7,-0.6742789368344475,-7,-2.46850830977847,-1.7721107256040958,1.740282930701007,-7,-2.7695255326388417,-7,-7,-7,-7,-0.729786911988156,-7,-2.292421308407472,-1.730484720871791,1.8706730616082374,-0.20418940583436046,-7,-7,-7,-7,-7,-0.5865324193976572,-7,-7,-7,-7,-7,-7,-1.6252498215275937,-0.6188847387103609,-7,-7,-7,-7,-1.1804554064366874,-7,-2.7695255326388417,-7,-7,-7,-2.7695255326388417,-7,-2.7695255326388417,-7,-7,1.3208107281424148,-7,-7,-7,-2.46850830977847,-7,-2.46850830977847,-7,-7,-7,-7,-7,-7,-0.8847220755563108,-7,-7,-0.5111672247044226,-2.7695255326388417,-7,-7,-7,-7,-7,-2.7695255326388417,-7,-7,-0.7258419197286784,-2.7695255326388417,-7,-2.46850830977847,-7,-7,-2.7695255326388417,-7,-7,-7,-7,-1.191113458270398,1.7890657405101427
Autism,-7,-7,-0.20662868119136837,-7,-7,-7,-2.7695255326388417,-7,-2.7695255326388417,-0.7517811935844259,-2.7695255326388417,-7,-7,-0.8741932167898748,-1.1857517381727596,-7,-7,-0.785951055289128,2.806194224105642,-7,-7,-0.1860855132906984,-7,-7,-7,-2.4814728998826636,1.350306180817666,-7,-7,-1.9318104263510525,1.7785672506839574,-0.8529420194247213,-7,-7,-7,-7,-7,-7,-7,-7,-7,-2.4814728998826636,-7,-7,-7,-7,-7,-7,-7,-1.258847612955678,-0.2692983749792736,-2.0757155437964894,-2.7695255326388417,-1.6307822866344985,-7,-0.5316525218686563,-7,-7,-7,0.6162654157896801,-0.6836100393252712,-0.8085487060664158,-7,-2.7695255326388417,-7,-7,-7,-0.6341375975628246,-7,-2.7695255326388417,-2.4814728998826636,-0.6247020787677472,-7,-1.2856694018492405,-7,-7,-7,-7,1.5907861249751691,-7,-1.9318104263510525,-2.4814728998826636,0.14921914345640588,1.1177351826421824,-7,-7,-7,-7,-2.1739187153403536,-2.7695255326388417,-7,-7,-0.018226636081350837,-7,-7,-7,-1.5214320615697432,-1.9999956570768955,-7,-7,-1.8239058456574238,-2.7695255326388417,-2.1739187153403536,-7,-2.7695255326388417,-7,-7,-7,-7,-7,-7,-7,-7,1.114977748118087,-2.4814728998826636,-2.3010213098612007,-2.7695255326388417,-7,-7,-2.3010213098612007,-0.7559701633677217,-7,-1.2211248053780914,-7,-7,-7,-0.6802692976743837,-7,-7,-1.4156676446587286,-1.6003245482655086,-7,-7,-7,-7,-7,-1.1857517381727596,-1.9318104263510525,-7,1.0310851520824382,-7,-2.7695255326388417,-7,-7,-7,-2.7695255326388417,-1.5734871120673775,-7,-7,-7,-0.1805218058257166,1.9064589548519237
Autism,-7,-7,-0.8900837997911808,-7,-2.4814728998826636,-7,-2.7695255326388417,-7,-7,-0.06053061923182833,-1.5466801307497324,-1.5466801307497324,-2.7695255326388417,-0.32624197139988587,-2.7695255326388417,-7,-7,-2.1739187153403536,2.487589411488074,-0.035363249097758176,-7,-1.1135087108090767,-7,-0.05389172039582842,-2.7695255326388417,-7,-0.6972360752449596,-7,-7,-7,0.6593266135357879,-7,-2.7695255326388417,-7,-7,-7,-7,-2.1739187153403536,-7,-7,-7,-7,-7,-7,-2.7695255326388417,-1.8210201765939573,-7,-2.7695255326388417,-2.7695255326388417,-0.8523233666526184,-1.258060135506148,-2.3010213098612007,-7,1.0073636585822072,1.1610084403036172,-0.4166877346537207,-7,-7,-7,1.3752794381667015,-1.1045769014234348,1.3940311941016141,-7,-0.719649079217042,-1.0861856179891893,-7,-7,1.1694393019189255,-7,-2.3010213098612007,-1.4975715143117967,1.1526368665094864,-7,-1.5466801307497324,-7,-7,-7,-7,1.1295416687487652,-7,-2.4814728998826636,-0.6181630197217098,2.2493598117661144,1.368361277731764,-7,-7,-7,-7,-2.4814728998826636,-7,-7,-7,-0.4400932553235508,-7,-7,-7,-7,-1.1135087108090767,-7,-7,-7,-2.4814728998826636,-7,-7,-7,-7,-7,-7,-7,-7,-7,-7,-7,-0.15329179273151802,-7,-1.9999956570768955,-7,-7,-7,-7,-2.0757155437964894,-1.4975715143117967,-7,-7,-7,-7,-0.16373913382405433,-7,-7,-2.1739187153403536,-7,-7,-7,-7,-7,-7,-2.3010213098612007,-7,-7,-0.9251831937872333,-7,-7,-7,-7,-7,-7,-2.1739187153403536,-7,-0.15428192007978206,-7,-2.4814728998826636,1.5895251485550668
Autism,-7,-7,-0.6163639521034397,-7,-7,-7,-7,-7,-7,-7,-0.9590019124042762,-7,-7,-1.3089176233677857,-1.8696630145207465,-7,-7,-2.070575964968916,2.4603068606034,-1.8696630145207465,-0.7759849293469256,-0.9590019124042762,-7,-7,-0.19538351490949138,-7,-0.31390013853263016,-2.292421308407472,-7,-2.167484700657167,1.6216902746325483,-1.6252498215275937,1.7146817485654078,-7,-7,-7,-7,-2.46850830977847,-7,-7,-7,-2.7695255326388417,-7,-7,-1.1384649917624432,-7,-7,-7,-7,-1.3565463364820207,-2.46850830977847,-0.6817277110933334,-7,-7,-7,-1.3089176233677857,-2.167484700657167,-1.730484720871791,-7,2.147435154613818,-0.1796014116231847,-0.09049740510345822,-7,-2.46850830977847,-1.7721107256040958,-7,-7,-0.827396776925667,-7,-7,-2.292421308407472,1.514498610854011,-7,-1.6925018227103723,-2.46850830977847,-7,-1.6252498215275937,-7,1.903019408946925,-2.7695255326388417,-1.8696630145207465,-2.292421308407472,1.3860171415923768,1.4690558059133947,-7,-7,-7,-7,-7,-2.46850830977847,-7,-7,-1.3736586059252684,-7,-7,-7,-0.8127610979759671,-1.1487410395989865,-7,-7,-7,-7,-7,-7,-7,-7,-7,-7,-7,-7,-2.46850830977847,-7,-7,-0.23897467299486108,-7,-1.4497704235818911,-1.266801932131729,-7,-7,-7,-0.5337255297847313,-2.46850830977847,-7,-7,-7,-7,-1.429455892661387,-7,-7,-1.2949911840708974,-7,-7,-7,-7,-7,-7,-1.9956743262932788,-7,-2.070575964968916,-0.8965380356717957,-7,-7,-2.7695255326388417,-7,-7,-7,-7,-0.8526325828797696,-7,-7,1.319210196264298,2.358070066963516
Autism,-7,-7,-1.152426723962755,-7,-7,-7,-7,-7,-2.7695255326388417,-0.620513005024633,-2.46850830977847,-1.774688133195629,-7,-2.46850830977847,-1.8728919606436893,-7,-7,-1.14266690038237,2.5652537982628427,-7,-1.0433509409116564,-7,-7,-7,-7,-7,-0.2196105995186931,-7,-7,-2.3010213098612007,-0.2915790148761602,-2.46850830977847,-7,-7,-7,-7,-7,-2.7695255326388417,-7,-2.7695255326388417,-7,-1.9956743262932788,-7,-7,-7,-7,-7,-7,-7,-1.185086153649659,-2.0757155437964894,-2.7695255326388417,-7,-1.0685416207697447,-0.06580460011750348,-0.6115433697468334,-7,-7,-7,2.364646661110406,-1.432972456892719,1.259904321902421,-7,-1.519991618984032,-1.4534561027324797,-2.46850830977847,-7,1.5158870855192956,-7,-1.4534561027324797,-1.519991618984032,1.5362275470115836,-7,-1.019996173657872,-0.7267669344567592,-7,-7,-7,-0.10662661423889724,-2.7695255326388417,-7,-0.6790231152577599,2.0971080065000747,1.3356785043615265,-7,-7,-7,-7,-7,1.0288964491948545,-7,-7,-7,-7,-7,-7,-1.9956743262932788,-0.8170147480263793,-7,-7,-7,-2.7695255326388417,-7,-7,-7,-7,-7,-7,-7,-7,-7,-7,-7,1.6428798207370692,-7,-7,-7,-7,-7,-2.46850830977847,-7,-7,-7,-7,-7,-7,-2.0757155437964894,-7,-2.7695255326388417,-2.1739187153403536,-7,-7,-7,-7,-2.7695255326388417,-7,-2.7695255326388417,-7,-2.46850830977847,-0.6968037265126584,-7,-7,-7,-7,-7,-7,-7,-2.1739187153403536,-7,-7,-2.1739187153403536,1.8215528299495098
Autism,-7,-7,-1.474953896563651,-7,-2.7695255326388417,-7,-2.7695255326388417,-7,-2.46850830977847,-0.596879307166318,-0.798056663800394,-7,-7,-0.8566725577906094,-2.3010213098612007,-7,-7,-2.7695255326388417,2.428822961943498,1.3018803819113076,-7,1.1008872582962765,-7,-7,-7,-7,-0.0050232824156139135,-7,-7,-7,1.4175364605307303,-0.7077437070647632,1.2104255443063023,-7,-2.7695255326388417,-7,-7,-2.7695255326388417,-2.7695255326388417,-7,-7,-2.7695255326388417,-7,-7,-7,-2.46850830977847,-7,-7,-2.7695255326388417,-1.474953896563651,-1.360512514644295,-0.30024888160766305,-7,-0.5826942506137763,-7,-0.026918304192178704,-7,-2.3010213098612007,-7,1.9591463743790052,-1.1325319228679671,-0.03872127343551468,-7,-0.7344744291355849,-1.360512514644295,-7,-2.7695255326388417,-0.03948160965665291,-7,-1.8210201765939573,-1.474953896563651,-0.5533073783569661,-7,-1.519991618984032,-2.7695255326388417,-7,-7,-7,0.35283830925392584,-7,-1.8728919606436893,-1.774688133195629,1.8949083824683457,1.8183908684378771,-7,-7,-7,-7,-2.46850830977847,1.1616374836978667,-7,-2.7695255326388417,-7,-7,-7,-7,-1.4975715143117967,-1.2984311515364182,-7,-7,-2.7695255326388417,-2.7695255326388417,-2.7695255326388417,-7,-2.7695255326388417,-7,-7,-7,-7,-7,-7,-7,-7,-0.5855278831414334,-7,-7,-2.1739187153403536,-7,-7,-7,-7,-0.7228491566149845,-7,-7,-7,-7,-7,-7,-7,-2.0757155437964894,-7,-7,-7,-7,-7,-7,-7,-7,-7,-7,-7,-7,-2.7695255326388417,-7,-7,-7,-7,-7,-7,-7,-0.05824013652327413,1.863893612497856
