disease_name,k__Bacteria,k__Bacteria p__Firmicutes c__Bacilli o__Lactobacillales Enterococcaceae Enterococcus,k__Bacteria p__Firmicutes c__Clostridia o__Clostridiales Clostridiaceae Clostridium,k__Bacteriap__Actinobacteriac__Actinobacteriao__Actinomycetales,k__Bacteriap__Actinobacteriac__Actinobacteriao__Actinomycetales Actinomycetaceae Actinomyces,k__Bacteriap__Actinobacteriac__Actinobacteriao__Actinomycetales Micrococcaceae Rothia,k__Bacteriap__Actinobacteriac__Actinobacteriao__Bifidobacteriales Bifidobacteriaceae Bifidobacterium,k__Bacteriap__Actinobacteriac__Actinobacteriao__Bifidobacteriales Bifidobacteriaceae Scardovia,k__Bacteriap__Actinobacteriac__Coriobacteriiao__Coriobacteriales Coriobacteriaceae,k__Bacteriap__Actinobacteriac__Coriobacteriiao__Coriobacteriales Coriobacteriaceae Adlercreutzia,k__Bacteriap__Actinobacteriac__Coriobacteriiao__Coriobacteriales Coriobacteriaceae Collinsella,k__Bacteriap__Actinobacteriac__Coriobacteriiao__Coriobacteriales Coriobacteriaceae Eggerthella,k__Bacteriap__Actinobacteriac__Coriobacteriiao__Coriobacteriales Coriobacteriaceae Slackia,k__Bacteriap__Bacteroidetesc__Bacteroidiao__Bacteroidales,k__Bacteriap__Bacteroidetesc__Bacteroidiao__Bacteroidales Bacteroidaceae,k__Bacteriap__Bacteroidetesc__Bacteroidiao__Bacteroidales Bacteroidaceae Bacteroides,k__Bacteriap__Bacteroidetesc__Bacteroidiao__Bacteroidales Barnesiellaceae,k__Bacteriap__Bacteroidetesc__Bacteroidiao__Bacteroidales Odoribacteraceae Butyricimonas,k__Bacteriap__Bacteroidetesc__Bacteroidiao__Bacteroidales Odoribacteraceae Odoribacter,k__Bacteriap__Bacteroidetesc__Bacteroidiao__Bacteroidales Paraprevotellaceae Paraprevotella,k__Bacteriap__Bacteroidetesc__Bacteroidiao__Bacteroidales Porphyromonadaceae,k__Bacteriap__Bacteroidetesc__Bacteroidiao__Bacteroidales Porphyromonadaceae Parabacteroides,k__Bacteriap__Bacteroidetesc__Bacteroidiao__Bacteroidales Prevotellaceae Prevotella,k__Bacteriap__Bacteroidetesc__Bacteroidiao__Bacteroidales Rikenellaceae,k__Bacteriap__Bacteroidetesc__Bacteroidiao__Bacteroidales S24-7,k__Bacteriap__Cyanobacteriac__4C0d-2o__YS2,k__Bacteriap__Cyanobacteriac__Chloroplasto__Streptophyta,k__Bacteriap__Firmicutes,k__Bacteriap__Firmicutesc__Bacilli,k__Bacteriap__Firmicutesc__Bacillio__Gemellales Gemellaceae,k__Bacteriap__Firmicutesc__Bacillio__Lactobacillales Aerococcaceae Abiotrophia,k__Bacteriap__Firmicutesc__Bacillio__Lactobacillales Carnobacteriaceae Granulicatella,k__Bacteriap__Firmicutesc__Bacillio__Lactobacillales Lactobacillaceae Lactobacillus,k__Bacteriap__Firmicutesc__Bacillio__Lactobacillales Leuconostocaceae Leuconostoc,k__Bacteriap__Firmicutesc__Bacillio__Lactobacillales Streptococcaceae Lactococcus,k__Bacteriap__Firmicutesc__Bacillio__Lactobacillales Streptococcaceae Streptococcus,k__Bacteriap__Firmicutesc__Bacillio__Turicibacterales Turicibacteraceae Turicibacter,k__Bacteriap__Firmicutesc__Clostridia,k__Bacteriap__Firmicutesc__Clostridiao__Clostridiales,k__Bacteriap__Firmicutesc__Clostridiao__Clostridiales Christensenellaceae,k__Bacteriap__Firmicutesc__Clostridiao__Clostridiales Christensenellaceae Christensenella,k__Bacteriap__Firmicutesc__Clostridiao__Clostridiales Clostridiaceae,k__Bacteriap__Firmicutesc__Clostridiao__Clostridiales Clostridiaceae Sarcina,k__Bacteriap__Firmicutesc__Clostridiao__Clostridiales Clostridiaceae SMB53,k__Bacteriap__Firmicutesc__Clostridiao__Clostridiales Eubacteriaceae Pseudoramibacter_Eubacterium,k__Bacteriap__Firmicutesc__Clostridiao__Clostridiales Lachnospiraceae,k__Bacteriap__Firmicutesc__Clostridiao__Clostridiales Lachnospiraceae Anaerostipes,k__Bacteriap__Firmicutesc__Clostridiao__Clostridiales Lachnospiraceae Blautia,k__Bacteriap__Firmicutesc__Clostridiao__Clostridiales Lachnospiraceae Coprococcus,k__Bacteriap__Firmicutesc__Clostridiao__Clostridiales Lachnospiraceae Dorea,k__Bacteriap__Firmicutesc__Clostridiao__Clostridiales Lachnospiraceae Lachnobacterium,k__Bacteriap__Firmicutesc__Clostridiao__Clostridiales Lachnospiraceae Lachnospira,k__Bacteriap__Firmicutesc__Clostridiao__Clostridiales Lachnospiraceae Roseburia,k__Bacteriap__Firmicutesc__Clostridiao__Clostridiales Lachnospiraceae Ruminococcus,k__Bacteriap__Firmicutesc__Clostridiao__Clostridiales Mogibacteriaceae,k__Bacteriap__Firmicutesc__Clostridiao__Clostridiales Peptococcaceae,k__Bacteriap__Firmicutesc__Clostridiao__Clostridiales Peptococcaceae rc4-4,k__Bacteriap__Firmicutesc__Clostridiao__Clostridiales Peptostreptococcaceae Peptostreptococcus,k__Bacteriap__Firmicutesc__Clostridiao__Clostridiales Ruminococcaceae,k__Bacteriap__Firmicutesc__Clostridiao__Clostridiales Ruminococcaceae Anaerotruncus,k__Bacteriap__Firmicutesc__Clostridiao__Clostridiales Ruminococcaceae Butyricicoccus,k__Bacteriap__Firmicutesc__Clostridiao__Clostridiales Ruminococcaceae Faecalibacterium,k__Bacteriap__Firmicutesc__Clostridiao__Clostridiales Ruminococcaceae Oscillospira,k__Bacteriap__Firmicutesc__Clostridiao__Clostridiales Tissierellaceae 1-68,k__Bacteriap__Firmicutesc__Clostridiao__Clostridiales Tissierellaceae Anaerococcus,k__Bacteriap__Firmicutesc__Clostridiao__Clostridiales Tissierellaceae Finegoldia,k__Bacteriap__Firmicutesc__Clostridiao__Clostridiales Tissierellaceae Parvimonas,k__Bacteriap__Firmicutesc__Clostridiao__Clostridiales Tissierellaceae Peptoniphilus,k__Bacteriap__Firmicutesc__Clostridiao__Clostridiales Tissierellaceae WAL_1855D,k__Bacteriap__Firmicutesc__Clostridiao__Clostridiales Veillonellaceae,k__Bacteriap__Firmicutesc__Clostridiao__Clostridiales Veillonellaceae Acidaminococcus,k__Bacteriap__Firmicutesc__Clostridiao__Clostridiales Veillonellaceae Dialister,k__Bacteriap__Firmicutesc__Clostridiao__Clostridiales Veillonellaceae Megamonas,k__Bacteriap__Firmicutesc__Clostridiao__Clostridiales Veillonellaceae Megasphaera,k__Bacteriap__Firmicutesc__Clostridiao__Clostridiales Veillonellaceae Phascolarctobacterium,k__Bacteriap__Firmicutesc__Clostridiao__Clostridiales Veillonellaceae Veillonella,k__Bacteriap__Firmicutesc__Erysipelotrichio__Erysipelotrichales Erysipelotrichaceae,k__Bacteriap__Firmicutesc__Erysipelotrichio__Erysipelotrichales Erysipelotrichaceae Bulleidia,k__Bacteriap__Firmicutesc__Erysipelotrichio__Erysipelotrichales Erysipelotrichaceae cc_115,k__Bacteriap__Firmicutesc__Erysipelotrichio__Erysipelotrichales Erysipelotrichaceae Coprobacillus,k__Bacteriap__Firmicutesc__Erysipelotrichio__Erysipelotrichales Erysipelotrichaceae Eubacterium,k__Bacteriap__Firmicutesc__Erysipelotrichio__Erysipelotrichales Erysipelotrichaceae Holdemania,k__Bacteriap__Fusobacteriac__Fusobacteriiao__Fusobacteriales Fusobacteriaceae Fusobacterium,k__Bacteriap__Fusobacteriac__Fusobacteriiao__Fusobacteriales Leptotrichiaceae Leptotrichia,k__Bacteriap__Proteobacteriac__Alphaproteobacteriao__RF32,k__Bacteriap__Proteobacteriac__Betaproteobacteriao__Burkholderiales,k__Bacteriap__Proteobacteriac__Betaproteobacteriao__Burkholderiales Alcaligenaceae Sutterella,k__Bacteriap__Proteobacteriac__Betaproteobacteriao__Burkholderiales Oxalobacteraceae Oxalobacter,k__Bacteriap__Proteobacteriac__Deltaproteobacteriao__Desulfovibrionales Desulfovibrionaceae,k__Bacteriap__Proteobacteriac__Deltaproteobacteriao__Desulfovibrionales Desulfovibrionaceae Bilophila,k__Bacteriap__Proteobacteriac__Epsilonproteobacteriao__Campylobacterales Campylobacteraceae Campylobacter,k__Bacteriap__Proteobacteriac__Gammaproteobacteriao__Enterobacteriales Enterobacteriaceae,k__Bacteriap__Proteobacteriac__Gammaproteobacteriao__Enterobacteriales Enterobacteriaceae Escherichia,k__Bacteriap__Proteobacteriac__Gammaproteobacteriao__Enterobacteriales Enterobacteriaceae Klebsiella,k__Bacteriap__Proteobacteriac__Gammaproteobacteriao__Pasteurellales Pasteurellaceae,k__Bacteriap__Proteobacteriac__Gammaproteobacteriao__Pasteurellales Pasteurellaceae Actinobacillus,k__Bacteriap__Proteobacteriac__Gammaproteobacteriao__Pasteurellales Pasteurellaceae Haemophilus,k__Bacteriap__Proteobacteriac__Gammaproteobacteriao__Pseudomonadales Moraxellaceae Acinetobacter,k__Bacteriap__Proteobacteriac__Gammaproteobacteriao__Pseudomonadales Pseudomonadaceae Pseudomonas,k__Bacteriap__TM7c__TM7-3o__,k__Bacteriap__TM7c__TM7-3o__CW040 F16,k__Bacteriap__TM7c__TM7-3o__I025 Rs-045,k__Bacteriap__Verrucomicrobiac__Verrucomicrobiaeo__Verrucomicrobiales Verrucomicrobiaceae Akkermansia
Aut Control,-1.6646244312059,-7,-3.203274406041817,-7,-7,-7,-3.4462604438746895,-7,-7,-7,-7,-7,-7,-1.8609179298611251,-7,-0.310084033219167,-2.9573219677784515,-3.6802569789921766,-2.370216834745085,-2.060175218413047,-3.6802569789921766,-1.634581589017456,-4.524108871887622,-3.8263018268624616,-7,-7,-4.524108871887622,-2.7621099512327922,-7,-7,-7,-7,-7,-7,-7,-3.747169105100866,-7,-7,-1.5312444297937413,-7,-7,-7,-7,-7,-7,-1.3794339821476036,-2.9344611035257033,-2.8534342094460894,-2.7931423247713196,-4.047956533535288,-3.3793309905034623,-2.3794246182615355,-3.349374701823547,-2.3641850104706674,-7,-7,-7,-7,-1.1913097412612714,-7,-3.6222910314735164,-0.863560861670129,-1.8344785995090127,-7,-7,-7,-7,-4.524108871887622,-4.524108871887622,-2.6742841942087643,-7,-7,-1.882107071286615,-7,-1.5173874448021996,-3.321352046174476,-2.4321296263019967,-7,-7,-7,-7,-3.16377189540481,-2.167621822616276,-7,-7,-2.8012597060739126,-1.3869435657794993,-7,-7,-3.063114834872422,-7,-7,-7,-7,-7,-7,-3.747169105100866,-7,-7,-7,-7,-7,-1.5259961119650738
Aut Control,-1.9490990071373444,-7,-1.2440437635622554,-3.4524299581926443,-3.401291112359941,-7,-1.817821100143968,-7,-7,-7,-4.054120843645057,-7,-7,-1.9373379994519933,-7,-0.30387321589201743,-2.722151688736454,-7,-1.9958032666787173,-7,-7,-1.1906950038790203,-2.4161124761418145,-2.9753907696193935,-7,-7,-7,-2.4863980201548683,-7,-7,-7,-7,-7,-7,-3.8781935929182723,-2.940631820059716,-7,-7,-1.938998769029562,-3.8781935929182723,-2.940631820059716,-1.4652207637515424,-7,-2.599750914542868,-7,-1.4033339412523835,-3.209444664534959,-2.2383642356995797,-2.272849539651379,-3.241623936839008,-3.8781935929182723,-4.354659185616893,-2.878488964079821,-1.8293008413536,-2.0908198740928525,-7,-7,-3.5773276675425496,-1.5367561409714914,-3.2763797302715174,-3.656476094572818,-2.04388438441164,-1.9275045809112128,-3.355544563400134,-3.209444664534959,-3.656476094572818,-2.0908198740928525,-2.4062419765267604,-2.0979590335077605,-7,-7,-2.7645531880333905,-7,-3.753336883704533,-7,-7,-1.950805455746382,-2.5427145403063736,-7,-3.8781935929182723,-1.8140609758819772,-2.95766364414025,-7,-7,-7,-7,-2.9242428068561175,-7,-7,-3.4524299581926443,-3.753336883704533,-1.896247142406494,-1.1723725606502606,-7,-7,-3.8781935929182723,-4.054120843645057,-7,-7,-7,-7,-7,-7
Aut Control,-1.731163206373332,-7,-2.2126445185463304,-7,-7,-7,-2.507136772190189,-7,-7,-3.7309317511535096,-3.634068486832624,-7,-7,-1.7399370829541376,-7,-0.6657723822054566,-2.011001787136752,-2.6008144540638436,-2.82804632683416,-2.2878941302873046,-7,-2.0521872715186875,-0.8052089177451837,-4.332291115340916,-7,-7,-7,-2.4467226628585688,-3.8557925844609167,-7,-7,-7,-7,-7,-7,-3.333132003645918,-3.1870306895169063,-7,-1.3107962767324988,-2.8707952834597408,-7,-1.9791129580764655,-7,-3.0779010661074255,-7,-0.9800785752246807,-2.856073101764904,-2.145698741267098,-2.1571280410712914,-2.424728969056266,-2.7649985311234295,-2.562357670216779,-1.7027954705467243,-1.9458318762233926,-2.8707952834597408,-7,-4.031728078826795,-7,-1.0926757503775053,-7,-2.814683251039349,-0.8956331624862528,-1.649276468813193,-7,-7,-7,-3.8557925844609167,-7,-4.031728078826795,-7,-7,-2.7099539743659227,-7,-7,-7,-7,-2.4698898622635284,-7,-7,-7,-2.0007827255451893,-4.031728078826795,-7,-7,-3.7309317511535096,-2.6008144540638436,-1.2126508963994276,-4.031728078826795,-7,-3.291747820620683,-7,-3.634068486832624,-3.378879102936749,-7,-4.031728078826795,-7,-3.8557925844609167,-7,-7,-7,-7,-4.031728078826795,-2.2839991616460806
Aut Control,-2.03375807028188,-4.1283481002140645,-2.6590902897515254,-7,-4.1283481002140645,-7,-1.9812516320198998,-7,-2.554885264060685,-2.5323202252079793,-7,-7,-7,-2.3193633405953396,-7,-1.3295906386463276,-2.452226202946803,-2.9385627154309857,-7,-7,-4.428794864657695,-2.155798045066113,-0.6510151889805258,-3.3506834748731213,-7,-7,-3.429845245446308,-2.8984488187522506,-3.8276100141391827,-3.475589752842604,-4.1283481002140645,-3.350683474873998,-3.8276100141391827,-4.428794864657695,-3.9524514257486207,-2.1771025507623203,-2.6038698640189635,-7,-1.48301752000223,-7,-4.1283481002140645,-3.5846971296508334,-7,-1.8629325777236128,-7,-1.0620468716090041,-3.8276100141391827,-2.085564548978904,-1.3302805411800755,-3.730758406601177,-2.0777743985737636,-2.1795355427502208,-1.6474875584930202,-1.3685086177118824,-2.10981023289584,-7,-7,-7,-0.5297041058993927,-3.475589752842604,-2.068229193595599,-1.2382309663827336,-1.7240960982969604,-7,-7,-7,-7,-7,-4.1283481002140645,-7,-7,-3.2537929382134836,-7,-7,-7,-7,-2.1944268690948623,-7,-7,-4.428794864657695,-7,-2.8858606735661474,-7,-7,-7,-7,-3.5267260468802997,-7,-7,-4.428794864657695,-7,-2.8858606735661474,-2.7486965243536505,-7,-4.1283481002140645,-7,-3.9524514257486207,-7,-7,-3.9524514257486207,-7,-7,-7
Aut Control,-1.8749713126685026,-7,-2.420985981513515,-7,-7,-7,-1.4880952949085842,-7,-3.9212373690532827,-7,-7,-7,-7,-2.1606686457134407,-7,-0.9394789933460873,-1.159671315613545,-3.1433881078737658,-1.5359920156798792,-7,-3.553467639440342,-1.1424838998874771,-1.9673532434028962,-3.3572294811654575,-7,-3.0976366592398046,-7,-2.3693270931276293,-7,-7,-7,-7,-4.09714753532758,-7,-7,-3.6995335480470994,-7,-7,-1.310938729581542,-1.995596215698948,-3.7963892071571457,-7,-7,-3.6995335480470994,-7,-0.9859241868644116,-2.7359395595409506,-2.1086808467988005,-1.242474086598554,-4.397634705286573,-7,-1.7397538080817672,-3.252515315115005,-1.707637328651696,-2.7966338532843693,-3.62038854171109,-7,-7,-0.9236308683735558,-3.495495108995257,-3.284694023274729,-1.1379337707222623,-1.8646917495981552,-7,-7,-7,-7,-7,-4.09714753532758,-2.6063118034864208,-7,-7,-7,-7,-1.114289737147582,-3.495495108995257,-2.529474618022947,-7,-7,-7,-4.397634705286573,-4.09714753532758,-7,-7,-2.3231649344725906,-7,-2.165718564916677,-7,-3.3572294811645675,-2.7652272860531992,-4.397634705286573,-4.09714753532758,-3.3986122805912973,-7,-7,-7,-7,-7,-7,-7,-4.09714753532758,-7,-1.2100730355633469
Aut Control,-2.1842824815112745,-7,-2.39422788124225,-7,-7,-7,-1.6701822668353097,-7,-2.62998338468234,-3.564341065669602,-7,-7,-7,-2.62998338468234,-7,-1.0782110807739078,-1.6635852924188421,-7,-2.4061268055160054,-7,-7,-1.6422921784847562,-1.1102649061556888,-2.6299833846812284,-7,-2.772082975363431,-4.26267446942685,-2.5732580286559315,-7,-4.26267446942685,-4.26267446942685,-7,-7,-3.9620422397573707,-3.786083650367089,-2.202765598577255,-2.96240054090463,-7,-1.4675890741172875,-2.786322557941202,-7,-3.661211263790727,-7,-2.758295493879632,-4.26267446942685,-1.053686859771515,-2.2949788517169925,-1.6485712164737112,-1.2931226369129771,-2.9017078954965534,-4.26267446942685,-4.26267446942685,-2.254862384306674,-1.28803771456174,-1.8690154730441595,-7,-7,-7,-0.49549850876013174,-4.26267446942685,-2.5732580286559315,-1.3126180150945777,-1.6433324007163226,-7,-7,-7,-3.786083650367089,-7,-2.695247112086048,-3.786083650367089,-7,-1.5129605562453898,-2.661390459530027,-7,-7,-3.786083650367089,-1.7721061024723175,-7,-7,-3.786083650367089,-3.564341065669602,-2.96240054090463,-7,-7,-7,-7,-3.149465739126075,-7,-7,-3.1172854322268146,-7,-3.9620422397573707,-3.661211263790727,-7,-7,-7,-4.26267446942685,-3.9620422397573707,-7,-3.661211263790727,-7,-7,-2.2340791433337084
Aut Control,-1.8690649988398607,-3.7249620543863498,-3.8218144362076485,-7,-4.4230108762109,-7,-1.82318687379138,-7,-4.122556390601001,-4.122556390601577,-3.277952252650074,-3.7249620543863498,-7,-2.0758526251530762,-7,-0.5884085241140979,-2.1617052680361883,-7,-1.826464561654826,-7,-4.122556390601577,-1.3726232452046376,-2.1209608647194944,-3.2199706012733786,-7,-7,-7,-2.3788292911108884,-7,-7,-7,-7,-7,-7,-7,-3.9466571378296496,-3.7249620543863498,-7,-1.1359128405246195,-2.3068825604964736,-7,-3.9466571378296496,-7,-4.122556390601577,-4.4230108762109,-1.4405351752271018,-3.009144956099209,-1.8965293368233407,-1.897819950121743,-3.277952252650074,-3.3101306003878874,-3.277952252650074,-2.3672476919805225,-1.542776487684941,-2.7806837726329614,-7,-7,-7,-0.8034018938043456,-3.3448853151913953,-7,-0.9477654481698216,-1.1356892658026816,-7,-4.122556390601577,-7,-7,-3.9466571378296496,-7,-2.8113506745952903,-7,-7,-3.043903366237333,-7,-1.3733953226647115,-7,-2.2423114845148664,-7,-7,-7,-3.009144956099209,-3.7249620543863498,-2.6682675712233364,-7,-2.8113506745952903,-7,-2.313564009360989,-7,-4.4230108762109,-2.5852968548858897,-7,-2.1688837476276337,-1.5502595202517475,-3.8218144362076485,-7,-7,-7,-7,-7,-7,-7,-7,-3.123075002517918
Aut Control,-2.0587642744171823,-7,-4.2538889554880575,-7,-7,-7,-2.2418240953443953,-7,-7,-7,-7,-7,-7,-2.530378300565077,-7,-1.0538179093743338,-1.7922682092879185,-7,-1.879917259199081,-7,-3.6524137904815555,-1.267001830997712,-1.8044170225007325,-2.514292016259769,-7,-3.9532487565196575,-7,-3.0505001288685216,-7,-7,-7,-7,-7,-7,-7,-3.9532487565196575,-7,-7,-0.9575648550388247,-1.261673007286832,-3.555542793909986,-7,-7,-2.9122107358480305,-7,-1.5689255508793143,-2.9324124323728253,-2.4351131357299227,-2.8396655273400895,-7,-3.6524137904815555,-2.611198481015315,-3.300339660017259,-0.8197804913961763,-2.6864460770058236,-7,-3.9532487565196575,-7,-0.9613059470694623,-3.1084851066466164,-3.555542793909986,-1.0348220424798624,-1.057387845282452,-7,-7,-7,-7,-7,-7,-4.2538889554880575,-7,-1.579806107909672,-7,-7,-7,-3.6524137904815555,-2.9535998729281725,-7,-7,-7,-3.9532487565196575,-3.47638756076748,-7,-7,-2.874425131713811,-7,-2.469326266785025,-7,-7,-2.601439037974296,-7,-2.276937076535033,-1.732222321277813,-7,-7,-7,-7,-7,-7,-7,-7,-7,-1.191334865389589
Aut Control,-2.025879559378,-7,-2.875884791564549,-7,-7,-7,-2.4609315264622897,-7,-7,-4.573258670987968,-4.097222577301923,-7,-7,-1.7945674127378128,-7,-1.117004965723829,-7,-7,-2.4885142250077843,-2.4710708613081893,-7,-1.5536965778551042,-0.345897023882557,-3.1124331671916505,-7,-7,-7,-2.650588719002687,-7,-7,-7,-7,-7,-7,-7,-3.213088652199523,-3.4955702214326627,-7,-1.1717662648725897,-3.9724196766736504,-4.27304229179388,-4.097222577301923,-7,-2.717532271055243,-7,-1.364835575107917,-2.562034363724113,-2.4105233985586656,-1.8392855316825556,-3.7964642960923465,-7,-2.2150448229102464,-1.927500785670704,-1.5586885054461173,-3.7964642960923465,-7,-4.573258670987968,-7,-1.3174479621204076,-7,-3.9724196766736504,-0.9441541563261447,-1.9009419751726697,-7,-7,-7,-7,-7,-4.573258670987968,-2.884658049875061,-7,-2.688375513936191,-7,-7,-1.5612061525279584,-3.0307727658134516,-2.775520980480691,-7,-7,-4.573258670987968,-7,-3.875591185646979,-7,-7,-7,-4.27304229179388,-1.96742837865679,-7,-7,-3.729556336693854,-7,-7,-7,-7,-4.097222577301923,-7,-2.902754854954293,-7,-7,-7,-7,-7,-2.748788273522148
Aut Control,-1.9309957490746756,-7,-1.523995560876455,-7,-4.425385683945052,-7,-1.17587922098094,-7,-3.3850456961918876,-4.124934356060615,-3.2803329314223917,-7,-7,-1.8824724339353875,-7,-0.6571662682722083,-1.98878899645667,-3.1712068660690815,-2.2475591645209483,-2.2804074727326396,-7,-2.0268654499798386,-1.0404012060023728,-3.011525843844291,-7,-7,-7,-3.1960266606567607,-7,-7,-7,-7,-7,-7,-7,-4.124934356060615,-7,-7,-1.6043739657381566,-3.581280118410152,-3.4264278417355474,-3.7273419185152727,-7,-3.0462842336638465,-7,-1.285093180873477,-3.250375229184586,-1.7345763317890457,-1.7172715656505702,-3.1254558171183593,-3.3850456961918876,-2.6411949462660527,-1.922749473248917,-1.8456157721929505,-2.563205046079529,-3.7273419185152727,-7,-7,-0.8917560944525694,-3.2223513366391034,-2.964105807469497,-1.0697528212549716,-1.3524581247558642,-7,-7,-4.124934356060615,-7,-3.9490361577344437,-3.0462842336638465,-3.0462842336638465,-7,-7,-7,-7,-1.541746915688759,-7,-2.563205046079211,-7,-7,-7,-3.4721724508924314,-3.3125112443343823,-7,-7,-7,-7,-2.627184835311325,-7,-4.425385683945052,-3.1960266606567607,-7,-2.4222109362232085,-4.124934356060615,-7,-7,-7,-7,-7,-7,-3.7273419185152727,-7,-7,-1.101027580165085
Aut Control,-2.0036576312064125,-7,-2.2278446374077876,-7,-4.3970288772274895,-7,-1.8795964604378688,-7,-3.119302927671662,-7,-7,-7,-7,-2.0160921422476354,-7,-0.9060517374048693,-2.1651112295106874,-3.5528605122151173,-2.649906269254994,-1.8848927598628562,-3.6197814506485364,-1.6617151964851467,-0.9118245762749393,-3.443750513445603,-7,-7,-7,-3.3188419409058967,-7,-7,-7,-7,-7,-7,-7,-3.0001302384115713,-3.3188419409058967,-7,-1.507691275027773,-2.950916870316465,-3.356622275023029,-7,-7,-3.0970293909368194,-7,-1.302246367226396,-2.8929297719082077,-2.1103063630195584,-1.558634072477594,-3.4948879546438447,-4.0965409500980385,-3.5528605122151173,-2.682089460703144,-2.0556860737975793,-2.6991219645282287,-4.3970288772274895,-7,-7,-0.4942642180984848,-3.7957822426327343,-2.7353322482891858,-1.316405521741479,-1.2281447833391441,-7,-7,-7,-7,-3.920630531012461,-3.193925828723549,-3.055641642327922,-7,-4.0965409500980385,-7,-7,-1.2960223075863901,-4.0965409500980385,-2.44871148109418,-7,-7,-7,-4.3970288772274895,-2.764619977106416,-7,-7,-7,-7,-3.055641642327922,-7,-7,-3.6197814506485364,-4.0965409500980385,-3.1676008826696256,-3.443750513445603,-7,-7,-7,-4.3970288772274895,-7,-7,-4.0965409500980385,-7,-7,-1.3861195204861185
Aut Control,-1.7345541456743652,-7,-3.167862323266141,-7,-7,-7,-3.2580242027613298,-7,-7,-7,-7,-7,-7,-1.731562454397853,-7,-1.379050094122575,-7,-7,-3.672871697153737,-3.029577058573155,-7,-2.6644559997032324,-0.19209243485861574,-7,-2.4529558158562708,-7,-7,-2.9917923718839705,-7,-7,-7,-7,-7,-7,-7,-2.6907836849389644,-7,-3.672871697153737,-1.673074181959897,-7,-7,-3.5268020889584717,-7,-3.672871697153737,-7,-1.4467329257424224,-7,-3.2258451387037663,-2.72857030862889,-7,-3.1167169032604405,-2.201777605294581,-1.7645886832080815,-3.769730592561462,-7,-7,-7,-7,-1.605631633439057,-7,-3.769730592561462,-0.9694405853749127,-2.9917923718839705,-7,-7,-7,-7,-7,-7,-2.9406445846171203,-7,-1.579652892755274,-7,-7,-7,-2.367714730753217,-3.593724532849237,-7,-7,-7,-3.0497782308482644,-4.371024541008597,-7,-7,-7,-3.2580242027613298,-2.006553838185603,-7,-7,-7,-7,-7,-7,-7,-3.2580242027613298,-7,-2.8668642895044685,-7,-7,-7,-7,-7,-7
Aut Control,-1.9308404924201212,-7,-2.676972635337979,-7,-7,-7,-2.4209189804696325,-4.160663954948881,-7,-7,-7,-7,-7,-3.6839620405859246,-7,-0.28334608239777914,-7,-7,-7,-7,-7,-7,-4.160663954948881,-3.9847823154609032,-7,-7,-7,-2.6493903839994934,-7,-7,-4.461065698291758,-7,-7,-7,-7,-2.849508544357865,-7,-7,-1.684894188467921,-2.943771016190678,-4.160663954948881,-2.89408735692154,-7,-2.7547282467684244,-7,-0.9171393860094202,-3.119843197994814,-2.3619425741384306,-2.3724077640678276,-4.160663954948881,-4.160663954948881,-1.96263204555836,-2.581492952214205,-1.5522310186156798,-2.7901984637012514,-7,-7,-7,-1.1394832416172438,-7,-3.7631013343721946,-1.2377892995921065,-1.1742969289393452,-7,-7,-7,-7,-7,-7,-7,-7,-1.882536202697857,-7,-7,-7,-1.8734881420451244,-2.6427600986159048,-7,-7,-7,-4.160663954948881,-3.286147913017786,-7,-7,-7,-7,-1.738865060645393,-7,-7,-2.581492952214205,-7,-3.6170452193376152,-2.871226219132279,-7,-3.1612301601409825,-4.461065698291758,-2.1505631094532287,-7,-7,-7,-7,-7,-3.316105141229409
Aut Control,-1.9593531476155661,-7,-3.247721138602306,-7,-7,-7,-1.5108312399656,-7,-7,-7,-7,-7,-7,-2.630479466049576,-7,-0.4123790892966264,-2.5743657721470745,-7,-2.1897993005603777,-7,-7,-2.67790197599321,-7,-1.6365280971191642,-7,-7,-7,-3.4907015719779024,-7,-7,-7,-7,-7,-7,-7,-3.0136699443773334,-7,-7,-1.3082778350822204,-3.4907015719779024,-7,-7,-7,-3.051454430905722,-7,-0.7220127651653444,-4.092358470009431,-2.3446983791345293,-2.0398128075202653,-4.092358470009431,-3.092842226880651,-2.1244072788182775,-2.64571877022839,-1.9856818391557827,-3.138593741848197,-7,-3.1897387949191147,-7,-0.9654668319711986,-7,-3.4907015719779024,-1.0448423562721691,-1.3470398500874854,-7,-7,-7,-7,-7,-7,-7,-7,-2.6015169666687528,-7,-7,-7,-2.862415451065415,-2.791839122403674,-7,-7,-7,-3.6155955019628654,-3.4907015719779024,-7,-7,-7,-7,-2.402688954017491,-7,-4.092358470009431,-7,-7,-4.092358470009431,-4.092358470009431,-7,-7,-7,-3.247721138602306,-7,-7,-7,-7,-7,-3.7915971616350412
Aut Control,-1.8881867371867114,-3.408234789001638,-3.408234789001638,-7,-7,-7,-1.2511151653179715,-7,-4.009961374153391,-3.834018264022527,-2.366943186572362,-7,-7,-2.419329959949965,-7,-0.30275056189053706,-7,-7,-7,-7,-4.310547226026929,-1.8343117480725892,-4.009961374153391,-2.709353736224253,-7,-7,-7,-2.329155468137465,-3.834018264022527,-7,-7,-7,-7,-7,-7,-1.5107174823316432,-7,-7,-1.697591981814696,-4.310547226026929,-4.310547226026929,-7,-7,-4.009961374153391,-4.009961374153391,-1.584707090123972,-7,-2.1591413587947508,-1.9014993832913087,-3.3570946198487146,-3.080934717578701,-7,-3.834018264022527,-2.039589604280277,-3.197424186585687,-7,-7,-7,-1.3654742571788079,-2.9891743112266167,-4.009961374153391,-0.7415938293462034,-1.4340634425103898,-7,-7,-4.009961374153391,-7,-3.269962413183786,-3.3570946198487146,-3.5331364678376898,-7,-3.232180590881307,-7,-3.107260385927292,-2.547992636165511,-7,-3.5331364678376898,-7,-7,-7,-2.38714609125828,-3.834018264022527,-2.834285059507507,-7,-7,-7,-7,-3.709153620831574,-7,-4.009961374153391,-7,-2.3337029983406214,-2.0258740497086505,-7,-7,-7,-4.009961374153391,-4.009961374153391,-7,-7,-7,-7,-7
Aut Control,-2.0909446763405177,-7,-2.4929165058469915,-7,-4.044710885515667,-7,-2.4730828640505735,-7,-7,-7,-3.2669609771281056,-7,-7,-2.8410424386929667,-7,-0.4904206731058082,-2.065942706930056,-3.346126162372784,-3.243484107904393,-7,-7,-3.291779837025909,-7,-2.920217661175076,-7,-7,-3.5679106747162015,-3.4082592442922195,-7,-7,-7,-7,-7,-7,-7,-2.8788282615889984,-7,-7,-2.340460695695207,-7,-7,-4.044710885515667,-7,-4.044710885515667,-3.318103461504042,-2.4467546846368737,-7,-3.4082592442922195,-4.044710885515667,-3.919892512567561,-7,-7,-4.220561517280247,-3.142042317358767,-3.4807896965798677,-7,-7,-7,-1.1471985009514962,-3.823054733770954,-4.220561517280247,-2.9782044451612424,-3.291779837025909,-4.044710885515667,-7,-7,-7,-3.522169242583022,-4.52087042997693,-4.52087042997693,-7,-3.5679106747162015,-4.52087042997693,-7,-2.3792885938308577,-7,-4.044710885515667,-7,-7,-7,-3.823054733770954,-3.6770092661914022,-7,-7,-7,-7,-4.52087042997693,-7,-7,-7,-4.52087042997693,-1.4004247180855962,-0.5637975326661708,-7,-7,-7,-7,-7,-7,-7,-7,-7,-0.6622752057951318
Aut Control,-2.0403997625585135,-7,-4.089089044633162,-7,-7,-7,-7,-7,-3.7883257205227077,-7,-7,-7,-7,-3.612323388383904,-7,-0.5518033017767556,-7,-3.4874291220632885,-7,-7,-7,-7,-4.089089044633162,-2.2322826408447427,-7,-7,-7,-3.3905457934148058,-7,-7,-4.089089044633162,-7,-7,-7,-7,-3.7883257205227077,-7,-7,-1.4853951705540516,-2.521406399790639,-7,-7,-7,-2.2031248935480194,-7,-0.6813823777424265,-2.6916611900453553,-2.0140711042083335,-1.7040140811397306,-2.4268531149539596,-3.0481813387032317,-2.0684281684033423,-2.15009716297694,-1.737437660881385,-2.627206145979527,-7,-7,-7,-0.9023835848818058,-4.089089044633162,-3.2444482561537527,-0.7353217531345515,-1.2909710574360422,-7,-7,-7,-7,-7,-7,-7,-7,-2.6916611900453553,-7,-7,-7,-2.8108408549737685,-3.0103968215834827,-7,-7,-7,-3.1864658403713473,-3.3113823378502545,-7,-7,-7,-7,-2.642445455132503,-7,-7,-7,-7,-2.0684281684033423,-2.8343203900065155,-7,-7,-7,-3.612323388383904,-7,-7,-7,-7,-7,-3.612323388383904
Aut Control,-1.8948520617505566,-7,-2.90610149451978,-7,-3.7075472924711645,-7,-1.9945540951823144,-7,-4.18422581590289,-7,-3.4066280501858093,-7,-7,-2.531662795908073,-7,-0.3548790479387343,-2.1130024412471444,-7,-3.184823609830718,-7,-7,-2.0742952186397985,-7,-2.1279793995465983,-7,-7,-7,-3.1056534418045265,-7,-7,-7,-7,-7,-7,-7,-3.1434369671949103,-7,-7,-1.4713982532765966,-4.18422581590289,-7,-3.7075472924711645,-7,-2.503634995575503,-7,-0.7636150389905592,-2.4067277523811343,-2.2763968563056034,-2.1848834345049735,-3.883527826384136,-2.5127780803552633,-1.7180201929963341,-1.8404948004964297,-1.9544372503985366,-3.281717006336443,-3.5826639290222033,-7,-7,-1.0904184187442454,-4.18422581590289,-2.786923483358513,-1.0643156473770585,-1.8606044763241665,-7,-7,-7,-7,-7,-7,-3.0708955963982887,-7,-7,-7,-7,-1.5882913036024222,-2.8046511424304748,-2.722469161644554,-7,-7,-7,-7,-3.4857871432976126,-7,-7,-7,-7,-1.9393736372727766,-7,-7,-3.184823609830718,-7,-7,-3.339697084772648,-7,-7,-7,-3.230573715200387,-7,-7,-7,-7,-7,-3.883527826384136
Aut Control,-2.0453497095748503,-7,-3.2356115093708047,-7,-7,-7,-2.3258536621634036,-7,-7,-7,-3.837447419700758,-7,-7,-2.6202441608847797,-7,-0.5834397213077425,-7,-7,-7,-7,-7,-2.1259331871177074,-4.13817882043833,-3.184467288440763,-7,-7,-7,-2.962645104745895,-7,-7,-7,-7,-7,-7,-7,-4.13817882043833,-4.13817882043833,-7,-1.1952810189507304,-3.2356115093708047,-3.4396866665773245,-7,-7,-2.6202441608847797,-7,-1.0312266193132953,-3.2935927832030703,-2.5259777786114728,-2.353436580724806,-3.3605253423801384,-3.6614557379271795,-0.7869796429031697,-2.4063713855592184,-1.3225340030569852,-2.8834705004304046,-7,-7,-7,-1.004917651285745,-7,-3.3605253423801384,-0.7181602181468648,-1.9108859738145278,-3.6614557379271795,-7,-7,-7,-7,-7,-4.13817882043833,-7,-1.8692600575109537,-7,-7,-7,-2.992605481696379,-2.796326362741194,-7,-3.837447419700758,-7,-7,-7,-7,-7,-7,-7,-2.2042708133050333,-7,-4.13817882043833,-3.5365667985215934,-7,-3.6614557379271795,-7,-7,-7,-7,-4.13817882043833,-7,-7,-7,-7,-7,-4.13817882043833
Aut Control,-2.0895786686059976,-7,-2.850119326797518,-7,-7,-7,-2.740981691679609,-7,-7,-7,-3.8710165597321766,-7,-7,-2.9962350609913018,-7,-0.6543819777789155,-7,-7,-7,-7,-3.8710165597321766,-2.0388257192818764,-3.570147944758029,-3.570147944758029,-7,-7,-7,-3.269198661930884,-7,-7,-7,-7,-7,-7,-7,-2.917060990765828,-3.8710165597321766,-7,-1.6740567725569346,-3.6950328811386006,-4.171723973813357,-3.8710165597321766,-7,-2.6952265931516326,-7,-1.0671994417926025,-3.8710165597321766,-2.628282879013452,-3.2180551085025013,-3.570147944758029,-3.093134310488438,-2.3335109255081017,-0.8832262089304042,-2.359446083576852,-3.2180551085025013,-7,-7,-7,-0.9070794002608782,-7,-3.1309179789606674,-0.5290152679618424,-1.5220604087058553,-4.171723973813357,-7,-7,-7,-4.171723973813357,-3.3271790775848804,-3.269198661930884,-7,-1.8868087212254094,-7,-7,-1.8868087212254094,-2.6041501967563203,-3.6950328811386006,-7,-7,-7,-7,-3.6950328811386006,-7,-7,-7,-7,-7,-7,-4.171723973813357,-2.792131224104643,-7,-2.218119690908433,-3.269198661930884,-3.269198661930884,-3.570147944758029,-7,-2.549104708476656,-7,-7,-7,-7,-7,-2.7573711878595377
Aut Control,-1.8802332301444329,-7,-3.4404220221760045,-7,-7,-7,-2.0368447045484976,-7,-7,-7,-7,-7,-7,-1.7415693699989683,-7,-0.6547373588749198,-7,-2.838451838327685,-7,-7,-7,-0.7602060061635323,-7,-7,-7,-7,-7,-2.4704921613234183,-7,-7,-7,-7,-7,-7,-7,-1.973176269336322,-3.9173038810399468,-7,-1.0272415431177087,-7,-7,-7,-7,-2.771509325706471,-7,-0.8858504190833723,-2.3494515897788393,-2.616615064443793,-2.0788087264935657,-3.4404220221760045,-7,-2.014568546210943,-1.599597962003192,-2.3265892047877474,-3.4404220221760045,-7,-7,-7,-2.1114774364449964,-7,-2.838451838327685,-0.7593002827232873,-1.7444743445671373,-7,-7,-7,-7,-7,-7,-3.139451896101002,-7,-7,-3.9173038810399468,-7,-3.9173038810399468,-1.2615640291765111,-2.3378699727651857,-7,-7,-7,-7,-7,-7,-7,-7,-7,-7,-7,-3.9173038810399468,-3.2186211675703085,-7,-3.616453419896078,-3.9173038810399468,-7,-3.2186211675703085,-7,-2.63889051368943,-7,-7,-3.9173038810399468,-7,-7,-7
Autism,-2.2711011572276663,-2.6292636514537295,-2.9882618158092646,-7,-7,-7,-3.8331063017483475,-7,-2.855647374716896,-3.8331063017483475,-2.2153469017765874,-4.133840671300973,-7,-2.554632953386365,-4.133840671300973,-0.7855431367752854,-2.370993927030177,-7,-3.3561822429601684,-7,-7,-1.2843980312513668,-7,-2.4184173995540768,-3.6571136294665427,-7,-7,-2.8556473747181417,-7,-7,-7,-7,-7,-7,-7,-2.3785468858999073,-7,-7,-1.35627988808595,-2.7194360138103497,-2.903948389825293,-3.5322241946373354,-7,-1.17158879897139,-2.703046440678001,-0.5403710729108563,-3.8331063017483475,-1.8080934721987745,-1.5662288012200907,-2.578113183980644,-7,-3.1801238585991705,-3.6571136294665427,-1.4821844657290857,-1.9821396125310575,-7,-7,-7,-0.7153025916848403,-7,-4.133840671300973,-2.1999267916542005,-1.3740086139451733,-7,-7,-7,-7,-7,-7,-7,-7,-7,-7,-7,-3.1801238585991705,-7,-2.1612979749958434,-7,-7,-7,-2.8333725374135197,-2.7541962231950174,-7,-7,-7,-7,-7,-7,-7,-7,-7,-7,-7,-7,-7,-7,-7,-7,-7,-7,-7,-7,-7
Autism,-1.9705201468713907,-7,-1.8318117249088337,-7,-7,-7,-4.257539401800746,-7,-7,-7,-7,-7,-7,-2.8780818923769558,-7,-0.45527860036001006,-7,-2.8780818923769558,-7,-7,-3.780942344074842,-1.7398096092854987,-7,-2.1864372559209313,-7,-4.257539401800746,-4.257539401800746,-2.667241142406461,-7,-7,-7,-7,-7,-7,-7,-3.303995962383101,-7,-3.956902494552207,-1.2232959263063334,-2.1938611589752965,-7,-2.6455228773407593,-7,-3.054156752029625,-7,-0.968068261845867,-2.6455228773407593,-2.6562462627273145,-2.6350579008127886,-7,-3.5591985098247614,-1.6041476473191698,-2.2626827882482066,-1.0006469249375913,-3.027830707274517,-7,-3.4131154456359143,-7,-1.0135537251918854,-4.257539401800746,-3.3551375532027454,-1.2497249911783717,-1.229347493109361,-7,-7,-7,-7,-7,-7,-2.9360691537471255,-7,-7,-7,-7,-1.4882093033836084,-7,-2.795900791297951,-7,-7,-7,-7,-3.4800434965800107,-7,-7,-3.4800434965800107,-4.257539401800746,-2.033011967062434,-3.956902494552207,-7,-3.4131154456359143,-7,-2.5593401857855786,-3.2582472173227344,-7,-7,-7,-7,-7,-7,-4.257539401800746,-7,-7,-2.093967686904847
Autism,-2.035425026115037,-7,-7,-7,-7,-7,-1.9343994248833571,-7,-2.91828035730688,-3.4824558509005503,-2.783591378259615,-3.6584811656666476,-7,-2.391496602581239,-7,-0.15768821003280206,-1.1687199086790585,-7,-2.2038272244889474,-7,-7,-7,-7,-2.090471955683826,-7,-7,-7,-3.005422537479212,-7,-7,-7,-7,-7,-7,-7,-3.9593133885194103,-7,-7,-1.852495962296917,-7,-7,-7,-7,-3.4824558509005503,-7,-1.2015537115013855,-7,-3.0565695630737153,-3.9593133885194103,-3.6584811656666476,-3.9593133885194103,-2.3469155135852047,-3.005422537479212,-2.845735225622893,-3.4824558509005503,-7,-7,-7,-2.067609347021775,-3.2606598639262674,-7,-2.2784595407829435,-1.3731206941458995,-7,-7,-7,-7,-7,-7,-3.9593133885194103,-7,-1.9222788949816554,-7,-7,-7,-3.9593133885194103,-3.6584811656666476,-7,-7,-7,-7,-3.357550090192348,-7,-7,-2.783591378259615,-7,-1.577690339284591,-7,-3.6584811656666476,-2.336450309760106,-7,-2.783591378259615,-7,-7,-7,-7,-7,-7,-7,-3.9593133885194103,-7,-7,-3.357550090192348
Autism,-1.956508812789552,-7,-7,-7,-7,-7,-2.450327440642014,-7,-7,-7,-7,-7,-7,-2.4589273674179744,-7,-0.1779973904612099,-7,-7,-7,-7,-3.856567616537313,-1.1917674581010527,-7,-2.545110772392978,-7,-7,-7,-3.5556937198224405,-7,-7,-7,-4.157285582522767,-7,-7,-7,-7,-7,-7,-2.1493035696778775,-7,-7,-7,-7,-3.0439184602234968,-7,-1.3463338962636762,-7,-3.4588149333381537,-3.254741794678114,-7,-7,-0.8714530734524781,-3.5556937198224405,-2.514442991504234,-7,-7,-7,-7,-2.5244268822251117,-3.5556937198224405,-7,-2.8791233858551766,-1.9099330703171782,-7,-7,-7,-7,-7,-7,-3.4588149333381537,-7,-7,-7,-7,-7,-1.4058603126867053,-7,-7,-7,-7,-7,-2.856848635055207,-7,-3.6805804172133643,-7,-7,-7,-7,-7,-7,-7,-7,-3.856567616537313,-7,-4.157285582522767,-7,-7,-7,-7,-7,-7,-7,-7
Autism,-2.182870956715556,-7,-4.021270330455008,-7,-7,-7,-3.0674334275163475,-7,-7,-7,-7,-3.7204684418335296,-7,-3.118579609448102,-7,-0.18495955053149443,-7,-7,-7,-7,-7,-1.6134849156136024,-7,-2.4089316718901794,-7,-7,-7,-3.7204684418335296,-7,-7,-7,-7,-7,-7,-7,-7,-7,-7,-1.9425416136012863,-7,-7,-7,-7,-3.2434993250641564,-7,-0.6362989616407462,-7,-3.0674334275163475,-7,-7,-2.7206738406599893,-1.5489686778143537,-2.4535126006893715,-3.1765634044702864,-3.5444532450910513,-7,-7,-7,-2.7429490339257465,-7,-7,-1.968644180472079,-2.195645047232458,-7,-7,-7,-7,-7,-7,-7,-7,-2.349619092251209,-7,-7,-7,-3.3226653549182292,-4.021270330455008,-7,-7,-7,-7,-3.5444532450910513,-7,-7,-7,-7,-3.7204684418335296,-7,-3.5444532450910513,-2.2363893446512573,-7,-7,-7,-7,-7,-7,-7,-7,-7,-7,-7,-7,-7
Autism,-2.080785508631957,-7,-2.8809591119131603,-7,-7,-7,-1.350311310715544,-7,-7,-7,-7,-4.08458411511959,-7,-1.7506559162005895,-3.6078147878299984,-0.194802828354892,-7,-7,-7,-7,-7,-0.819350910042476,-4.08458411511959,-2.1874783344424262,-7,-7,-7,-3.482920062210071,-3.6078147878299984,-7,-7,-4.08458411511959,-4.08458411511959,-7,-7,-2.7840557024445274,-7,-7,-2.278923884373512,-7,-7,-7,-7,-2.829810258085295,-4.08458411511959,-1.3369231428346422,-7,-4.08458411511959,-7,-1.9148468281603799,-7,-4.08458411511959,-7,-3.3860364579349556,-1.7950747925845545,-7,-7,-7,-2.7426654185972392,-3.7838180382894104,-7,-3.130810905656867,-2.107382946758518,-3.482920062210071,-7,-7,-7,-4.08458411511959,-7,-3.7838180382894104,-7,-7,-7,-7,-3.2399386056330526,-3.3860364579349556,-7,-7,-7,-7,-3.7838180382894104,-7,-7,-7,-7,-7,-1.536107358816953,-7,-7,-7,-7,-3.181956091391017,-2.8063307069279877,-3.482920062210071,-4.08458411511959,-7,-7,-7,-7,-7,-7,-7,-7
Autism,-1.8883177120580152,-7,-2.9367959474612864,-7,-7,-7,-2.200068047053871,-7,-7,-7,-7,-7,-7,-2.0697360633506983,-7,-0.24174992387037503,-7,-7,-7,-7,-7,-1.249871627584272,-7,-1.7795664804402405,-7,-7,-7,-7,-7,-7,-7,-7,-7,-7,-7,-3.2791735736985435,-7,-7,-2.0288315339589684,-7,-7,-7,-7,-2.802107386326855,-7,-0.685084487910262,-3.977813320499664,-3.0750845655661205,-3.676989706361272,-3.0750845655661205,-7,-2.3154593705751862,-2.1521452139804813,-1.4159321855547253,-2.398431715260129,-7,-7,-7,-2.097407154460991,-3.200006093832845,-7,-2.103159410884582,-1.9529164196572,-7,-3.977813320499664,-7,-7,-7,-7,-7,-7,-2.410013294035022,-7,-7,-7,-3.2791735736985435,-3.676989706361272,-7,-7,-7,-7,-3.676989706361272,-7,-7,-1.9653849467192597,-7,-2.899010515534587,-7,-7,-2.597997729576005,-7,-2.832068642892088,-3.676989706361272,-7,-7,-7,-7,-7,-7,-7,-7,-7,-7
Autism,-1.9851148792763367,-7,-7,-7,-7,-7,-2.473809273136549,-7,-4.041545771767148,-7,-3.4398443476876843,-7,-7,-2.117738945762678,-7,-1.6709540291576408,-7,-3.564743228867668,-2.6802752909122383,-3.041976088003512,-7,-2.1907588402888836,-0.6555247652232616,-2.895861720142713,-2.138927960063035,-7,-7,-2.379255695283393,-7,-7,-7,-7,-2.7632451470880324,-7,-7,-4.041545771767148,-7,-3.3429582496914048,-1.2961678731551713,-1.8245370835374863,-7,-7,-7,-4.041545771767148,-7,-1.0134522265988732,-7,-4.041545771767148,-2.4622277408463242,-3.564743228867668,-2.8115468645008397,-2.04201914308704,-2.6106424442359244,-2.000626892850816,-3.3429582496914048,-7,-7,-7,-0.47194809318142694,-7,-7,-2.286140678344995,-1.070283825775685,-7,-7,-7,-7,-7,-7,-3.564743228867668,-7,-1.20951431098634,-7,-2.4979422140047896,-7,-4.041545771767148,-7,-7,-7,-7,-3.564743228867668,-7,-2.1669562849868163,-7,-7,-3.263792947717411,-2.5648867255287673,-7,-7,-3.263792947717411,-7,-3.196857547068524,-2.699579500661951,-7,-7,-7,-7,-7,-7,-7,-7,-7,-7
Autism,-2.193515340790238,-7,-7,-7,-7,-7,-2.9928199519410583,-7,-3.9924356658945097,-7,-2.788715988586954,-7,-7,-3.390695889321483,-7,-0.7285169319039029,-3.9924356658945097,-7,-7,-7,-7,-2.0290702004218715,-7,-2.1477585283395335,-7,-7,-3.2938072323605225,-2.8788864575961837,-7,-7,-7,-3.6916191204974815,-7,-7,-7,-3.390695889321483,-7,-7,-1.7727520097698928,-7,-7,-3.038572696156832,-7,-2.670623033536493,-7,-0.20981702886999698,-7,-2.1063663979990115,-2.7623886204161963,-3.5155990348514905,-2.8167429322355932,-2.285284118597738,-3.214640224261075,-2.2147043008053844,-7,-7,-7,-7,-1.87228550371412,-7,-3.9924356658945097,-2.1063663979990115,-1.8285068894814505,-7,-7,-7,-7,-7,-7,-3.390695889321483,-7,-1.083841290401953,-7,-7,-7,-3.6916191204974815,-3.6916191204974815,-7,-7,-7,-7,-3.2938072323605225,-7,-7,-7,-7,-2.530449942171998,-7,-7,-7,-7,-7,-7,-7,-7,-7,-7,-7,-7,-7,-7,-7,-7
Autism,-1.823753968899187,-7,-2.8998771657401416,-7,-7,-7,-1.3705658476467049,-7,-3.978679215085633,-7,-3.0759511813977074,-7,-7,-1.8552381477822044,-7,-0.23731112948944838,-1.4239972991849867,-7,-2.3069862367785157,-7,-3.978679215085633,-1.5477276035832879,-3.677856012942589,-2.297843040793032,-7,-7,-3.677856012942589,-2.937662591415418,-7,-7,-7,-7,-7,-7,-7,-3.978679215085633,-7,-3.677856012942589,-2.0496691057439347,-3.2008726752921586,-7,-3.0248044066735122,-7,-3.978679215085633,-7,-1.1648446701172979,-7,-3.2008726752921586,-2.5319200880252115,-7,-3.978679215085633,-3.978679215085633,-3.978679215085633,-1.910903501448132,-3.280040127662002,-3.677856012942589,-7,-7,-1.7486415446642274,-3.501833706946461,-7,-2.5811363369765186,-0.887425607915457,-7,-7,-7,-7,-3.978679215085633,-7,-7,-7,-7,-7,-7,-7,-7,-3.677856012942589,-7,-7,-3.0759511813977074,-7,-3.280040127662002,-7,-7,-2.8029740502817244,-3.978679215085633,-2.366298949337444,-7,-7,-2.388017681366456,-7,-2.7486196339053475,-2.6780422113360625,-7,-7,-7,-7,-7,-7,-7,-7,-7,-2.6780422113360625
Autism,-2.147723512633533,-7,-2.2452564240641997,-7,-4.387218309451209,-7,-0.49457243476392576,-7,-2.8968829177499114,-4.0867182670554305,-0.9656886223033025,-4.387218309451209,-7,-3.609950674123722,-7,-1.5109061093026037,-3.9108038028937706,-7,-7,-7,-7,-2.3238117204496813,-3.609950674123722,-3.309009138925005,-7,-7,-7,-3.0871957785404986,-7,-7,-7,-7,-7,-7,-7,-2.212180525461835,-4.0867182670554305,-7,-1.551320580769368,-3.3881726914380534,-7,-7,-7,-2.4151397137297272,-7,-1.1814523278939006,-2.3238117204496813,-2.3127229790496115,-2.8200484416913274,-3.309009138925005,-3.543029157073206,-3.0458079194100556,-2.9111222151822083,-1.061942501658309,-2.624832562523684,-7,-7,-7,-0.7204522563494059,-7,-4.0867182670554305,-1.3935208441264788,-2.121101395364731,-7,-7,-7,-7,-7,-4.387218309451209,-7,-7,-2.3754313296529603,-7,-7,-7,-7,-2.8697327475003322,-7,-7,-7,-7,-2.9732646770226565,-7,-7,-7,-7,-7,-7,-7,-3.6890965410297527,-7,-1.709758258324311,-2.181446392136507,-7,-7,-7,-7,-7,-7,-7,-7,-7,-1.4335528939585542
Autism,-2.0138855762612,-7,-7,-7,-7,-7,-2.427947935060055,-7,-7,-7,-7,-7,-7,-2.383366937441375,-7,-0.21670903843299322,-1.927971752384022,-7,-2.30595642827129,-7,-7,-2.0371151706036437,-7,-2.5190256897960754,-7,-7,-7,-3.093017500622822,-7,-7,-7,-7,-7,-7,-7,-7,-7,-7,-1.5175933676349482,-7,-7,-7,-7,-7,-7,-0.9659661064495272,-3.995731033879882,-2.7656870508043703,-2.333394103685485,-7,-3.69491611467769,-1.8143148733763528,-3.093017500622822,-1.7556095711123203,-3.69491611467769,-3.393993697198987,-7,-7,-1.1845856231882028,-7,-7,-2.2253019856399234,-1.3391044923342785,-7,-7,-7,-7,-7,-7,-3.393993697198987,-7,-2.0667373032985807,-7,-7,-2.203762660817176,-3.393993697198987,-7,-7,-7,-3.393993697198987,-7,-3.041870956263392,-7,-7,-7,-7,-1.5490017246263732,-7,-7,-2.792014407001055,-7,-7,-7,-7,-7,-7,-7,-7,-7,-7,-7,-7,-3.995731033879882
Autism,-2.1134676686421123,-7,-7,-7,-7,-7,-7,-7,-7,-3.919292490073151,-3.442411730205397,-7,-7,-2.965370670038628,-7,-0.09481175653169989,-7,-7,-2.5216988361927895,-7,-7,-1.9110495719149179,-7,-2.050416685010383,-7,-7,-7,-3.442411730205397,-7,-7,-7,-3.6184428530616617,-7,-7,-7,-3.919292490073151,-7,-7,-1.829745236391208,-7,-7,-7,-7,-7,-7,-1.0826960198625593,-7,-2.5216988361927895,-2.965370670038628,-7,-7,-2.773499465814851,-2.9196171895960266,-2.6186052399133097,-3.6184428530616617,-7,-7,-7,-2.0220216221561165,-3.919292490073151,-3.919292490073151,-1.809060774019702,-1.6741385636937443,-7,-7,-7,-7,-7,-7,-7,-7,-7,-7,-7,-7,-2.8404419587919327,-7,-7,-7,-7,-7,-2.203642997536061,-7,-7,-7,-7,-7,-7,-7,-7,-7,-7,-7,-7,-7,-7,-7,-7,-7,-7,-7,-7,-7
Autism,-1.8362121159660625,-7,-4.014742519120162,-7,-7,-7,-2.128695475650917,-7,-4.014742519120162,-3.5379208944581073,-3.713937226616982,-7,-7,-1.7163367052819793,-7,-0.6791325564446985,-1.9777614176449247,-2.839070800049729,-2.4353966096394286,-1.1639330595858863,-4.014742519120162,-1.4761146431006271,-0.6487688910931453,-2.151863020653484,-7,-7,-7,-3.3161320956678875,-7,-7,-7,-7,-7,-7,-7,-7,-7,-7,-1.6242551063892476,-2.784716664992236,-7,-7,-7,-3.1700297557344523,-7,-1.195647424773957,-4.014742519120162,-3.0151470685550774,-1.8848549417593308,-3.5379208944581073,-3.5379208944581073,-1.1349496733049471,-3.5379208944581073,-2.5238158399329764,-3.41301962614632,-7,-7,-7,-0.9813659317551597,-7,-7,-2.5527785353356602,-1.2263161946782835,-7,-7,-7,-7,-7,-7,-2.692951330634287,-7,-4.014742519120162,-7,-7,-1.3971428613038541,-3.713937226616982,-7,-7,-7,-7,-4.014742519120162,-7,-4.014742519120162,-7,-3.41301962614632,-3.1700297557344523,-2.3524244329010755,-7,-7,-3.236965838619968,-7,-3.713937226616982,-7,-7,-7,-7,-7,-7,-7,-7,-7,-7,-3.713937226616982
Autism,-1.9058566047915073,-7,-2.5996731891346077,-7,-7,-7,-1.4421554654046156,-7,-7,-7,-3.076759892090461,-7,-7,-3.352920239286391,-7,-0.4299467819547925,-7,-7,-4.005790299761125,-7,-7,-4.005790299761125,-7,-7,-7,-7,-7,-3.076759892090461,-7,-7,-7,-7,-2.705178622874424,-7,-7,-3.0061865917119848,-3.352920239286391,-7,-1.358846684092781,-7,-7,-2.3341234148159153,-7,-1.7309169547039989,-7,-0.9823607280839608,-4.005790299761125,-2.3204798240558753,-2.0019049106407762,-7,-2.8758642443944864,-2.802083129070699,-1.3763105779891633,-1.2885592994760733,-7,-7,-7,-7,-1.3520531277303502,-3.60811444553994,-2.6444836556662854,-0.716864468680424,-1.7656788661939764,-7,-7,-7,-7,-7,-7,-7,-7,-7,-7,-7,-7,-2.9454944973803925,-3.4040605266076542,-7,-7,-7,-7,-4.005790299761125,-7,-7,-7,-7,-4.306380394735712,-7,-7,-7,-7,-3.131110644390111,-3.8298457733422344,-3.704980421647197,-7,-7,-7,-7,-7,-7,-7,-7,-2.108597978390617
Autism,-2.2981008732809864,-7,-2.1572877637358636,-7,-7,-7,-2.7798495000861907,-7,-7,-7,-3.9698020472381894,-4.270427109245685,-7,-3.0670666871777272,-7,-0.2797896737536171,-3.368046004119192,-7,-7,-7,-7,-1.9347738833032522,-7,-2.8088113919021085,-7,-7,-7,-3.7938458500134886,-7,-7,-7,-7,-7,-7,-7,-7,-7,-7,-1.5191874712529623,-2.9489794423360114,-7,-7,-7,-3.66897466007712,-7,-1.4952616648827524,-2.471883932168724,-2.8909923223434775,-2.8562328152554577,-7,-2.5899792215584827,-1.8303253340050822,-2.7030137119972,-2.8732649069498,-2.7940890672074707,-7,-7,-7,-1.5445086238668229,-3.7938458500134886,-2.727146139267946,-0.5367574155798784,-1.8479884201626893,-7,-7,-7,-7,-7,-7,-3.4260234725481618,-7,-7,-7,-7,-1.8479884201626893,-3.4260234725481618,-3.2711562618910994,-7,-7,-7,-7,-3.0670666871777272,-7,-7,-7,-7,-7,-7,-4.270427109245685,-3.3169047430989766,-7,-2.8088113919021085,-7,-7,-7,-7,-7,-7,-7,-7,-7,-7,-7
Autism,-1.9064924585880707,-3.4918218948484046,-2.094011288519032,-7,-4.0934777521873205,-7,-0.45353512074928237,-7,-3.7927171373928648,-7,-2.315856443105186,-4.0934777521873205,-3.7927171373928648,-2.815234698808839,-4.0934777521873205,-0.8989473405156108,-7,-7,-4.0934777521873205,-7,-7,-1.8175520237105944,-3.394938837482331,-3.7927171373928648,-7,-7,-7,-2.4919432084149635,-7,-3.6167157091043407,-7,-7,-7,-7,-7,-1.5728769731322598,-3.190859291426653,-7,-1.8387411801193594,-7,-7,-7,-7,-2.7515694890142686,-7,-0.9688604472945632,-3.315775562792225,-1.4136800418966713,-0.9656170111659439,-2.5754864002335807,-3.6167157091043407,-3.4918218948484046,-3.6167157091043407,-1.6301218389992411,-2.3950358916488694,-7,-7,-7,-1.2817711534061813,-7,-3.6167157091043407,-1.7929839891472314,-1.68408145949178,-4.0934777521873205,-7,-7,-7,-3.190859291426653,-2.149527881019355,-7,-7,-3.093962758122595,-7,-7,-7,-7,-1.8245008376470053,-4.0934777521873205,-7,-3.394938837482331,-3.139714257651763,-3.315775562792225,-7,-7,-7,-4.0934777521873205,-2.7929597231202132,-7,-3.394938837482331,-7,-7,-2.5499332295165527,-1.6926140004103598,-7,-7,-7,-7,-7,-7,-7,-7,-7,-7
Autism,-1.952400480674453,-7,-2.8843372109852097,-7,-7,-7,-2.340292935333019,-7,-7,-7,-7,-7,-7,-2.3658464635792185,-7,-0.3446044883170984,-7,-7,-7,-7,-3.8840378368095707,-1.8429747771237377,-7,-2.322068505956437,-7,-7,-7,-2.954912413206811,-7,-7,-7,-7,-7,-7,-7,-3.009264855981625,-7,-7,-1.2916378711253684,-7,-7,-4.184735436358999,-7,-3.708057433018815,-7,-1.3028750729476382,-2.5419326806876033,-3.009264855981625,-2.770401537655637,-3.708057433018815,-4.184735436358999,-1.3839957217431313,-3.4862973879908505,-1.6363953410664906,-7,-7,-7,-7,-1.1444021851658155,-3.8840378368095707,-7,-1.5198180546888627,-1.2085914437890255,-7,-7,-7,-7,-7,-7,-2.504145380279414,-7,-7,-7,-7,-1.2044878499528002,-3.5831741346542008,-3.143947297128962,-7,-7,-7,-3.282227309629432,-3.5831741346542008,-7,-7,-7,-3.708057433018815,-1.5151532079898573,-7,-7,-7,-7,-2.4864171679325393,-7,-7,-7,-7,-3.5831741346542008,-7,-7,-7,-7,-7,-1.183666107477599
Autism,-2.164165100640557,-7,-2.2998253787288947,-7,-7,-7,-1.6680501454446888,-7,-3.4757953890813567,-7,-3.232813011617378,-7,-7,-2.680024494047711,-7,-0.43138542204433356,-2.680024494047711,-3.3789113550891074,-3.776695512975885,-2.314548336865678,-7,-1.907720064026969,-3.6006908307837855,-2.7355389872049956,-7,-7,-7,-3.232813011617378,-7,-7,-7,-7,-7,-7,-7,-2.8738328270750193,-3.776695512975885,-7,-1.4375026647694158,-3.232813011617378,-3.4757953890816164,-7,-7,-7,-7,-1.2690986166513512,-2.387778604596005,-2.1285894448709954,-2.3297879834041537,-3.6006908307837855,-3.776695512975885,-1.3781465277982166,-2.5464910883678695,-1.5979766271487506,-2.662991954280144,-7,-7,-7,-1.0943584642170276,-7,-3.776695512975885,-1.5880251296650252,-1.3183165424791907,-3.776695512975885,-7,-7,-7,-4.077465881549645,-3.3789113550891074,-7,-7,-7,-7,-7,-2.4981880177798264,-4.077465881549645,-2.630808698648754,-7,-7,-4.077465881549645,-3.776695512975885,-3.0365453611496473,-7,-7,-7,-3.2997474292485744,-1.5796730873384164,-7,-7,-3.077933322118274,-4.077465881549645,-1.1657625983653213,-0.9365351423817014,-7,-7,-7,-7,-7,-7,-7,-7,-7,-7
Autism,-1.855023835808354,-7,-2.3645074409991276,-7,-7,-7,-1.5915657416199787,-7,-4.112142909671953,-4.112142909671953,-2.8339222907766737,-7,-7,-2.005491153155851,-7,-0.5128223075054046,-2.4594804968593094,-2.908550353802501,-2.681320906412582,-1.5686358681803279,-4.112142909671953,-1.7010836329961638,-4.112142909671953,-2.405124306329328,-7,-7,-7,-2.681320906412582,-7,-7,-7,-4.112142909671953,-7,-7,-7,-7,-7,-7,-1.443387434950482,-3.4136229361002575,-7,-7,-7,-3.0712616592572224,-7,-1.20744877206418,-1.4490033744368314,-1.9513336362214557,-1.7217681254132366,-2.4792239731848573,-7,-1.5445022754095163,-3.4136229361002575,-1.4406064652751467,-2.6355655008520373,-7,-7,-7,-1.057326694078903,-3.8113941285812882,-2.8822234846837436,-0.9775724572165614,-1.3126752695911648,-7,-7,-7,-7,-3.4136229361002575,-3.334460451458832,-2.6502881106033134,-2.4692400498260647,-3.6353966481975197,-7,-7,-1.840860903938487,-7,-2.0634824718192486,-7,-7,-7,-3.267527063328881,-2.581210046188656,-7,-7,-7,-2.8116473774812665,-1.3917187065818026,-7,-7,-2.6655273838704345,-4.112142909671953,-2.0408187427683706,-2.108378573264714,-7,-7,-7,-7,-7,-7,-7,-7,-7,-7
Autism,-2.392401013681658,-7,-2.8302503093193594,-7,-4.260850894634541,-4.260850894634541,-2.189754723326348,-7,-7,-7,-7,-3.562514821488492,-7,-7,-7,-1.9606094912525482,-7,-7,-7,-7,-3.6593851866765443,-2.3171517666833314,-7,-3.3584543173510424,-7,-7,-2.082661252525247,-3.3073128103378013,-7,-7,-4.260850894634541,-7,-7,-7,-7,-3.4164321020382196,-7,-7,-1.759213838736667,-3.9602169975115933,-7,-4.260850894634541,-3.4833600093318724,-2.2363301043162864,-2.16472709409173,-2.076946837673551,-7,-1.8887280889890232,-2.960573795342058,-3.6593851866765443,-7,-2.6705585061907766,-3.4164321020382196,-1.793293424668349,-2.5895287173573758,-7,-7,-7,-0.8604149708943545,-4.260850894634541,-2.7431054752416295,-1.9353038505015898,-1.6864534985960562,-7,-7,-7,-7,-7,-4.260850894634541,-3.562514821488492,-7,-7,-7,-7,-1.9921262441567282,-7,-3.4833600093318724,-7,-7,-7,-3.0063268792054267,-2.5895287173573758,-7,-7,-7,-7,-2.5895287173573758,-7,-7,-7,-7,-3.6593851866765443,-3.3073128103378013,-4.260850894634541,-7,-3.7842578516272174,-3.4164321020382196,-7,-3.7842578516272174,-7,-7,-7,-0.1583871574145733
Autism,-2.1377454824365474,-7,-7,-7,-7,-7,-7,-7,-7,-7,-7,-7,-7,-3.7709635267449952,-7,-0.044655637654699556,-7,-7,-7,-7,-7,-7,-7,-7,-7,-7,-7,-3.594957709276585,-7,-3.594957709276585,-7,-7,-7,-7,-7,-7,-7,-7,-2.5159331498087125,-7,-7,-7,-7,-3.0721986104638552,-7,-1.6457367152736404,-7,-3.169095802630229,-3.169095802630229,-7,-7,-7,-7,-2.7104997620909335,-7,-7,-7,-7,-2.2271445304925037,-3.470061699765021,-7,-2.692017285520196,-1.553734403491285,-7,-7,-7,-7,-7,-7,-7,-7,-7,-7,-7,-7,-7,-7,-7,-7,-7,-7,-2.92608522763738,-7,-7,-7,-7,-1.6522921989303796,-7,-7,-7,-7,-7,-7,-7,-7,-7,-7,-7,-7,-7,-7,-7,-7
Autism,-1.979197250337285,-7,-3.6991434052796124,-7,-7,-3.9999562212960584,-1.3781756288494755,-7,-7,-7,-7,-7,-7,-1.4357234405703394,-7,-0.6711960704655319,-7,-7,-2.5854006229330784,-0.7701970545338288,-7,-1.4938843026874626,-2.468898987533152,-7,-7,-7,-7,-2.8242704521371644,-7,-3.9999562212960584,-7,-7,-7,-7,-7,-2.657948250451823,-7,-7,-1.3886663184436232,-3.9999562212960584,-7,-7,-7,-7,-7,-0.9875530425201676,-7,-1.7855441906887035,-1.8450516120373497,-3.3982220401787213,-7,-1.5160894247073973,-2.301411991293817,-1.1522009556843078,-2.5232549452611064,-7,-7,-7,-1.4321877903591393,-7,-2.9211732209325185,-1.1775683902848935,-1.5955552612737112,-7,-7,-7,-7,-3.6991434052796124,-7,-2.854231605728254,-7,-7,-7,-7,-1.2101048207026275,-3.6991434052796124,-2.9211732209343295,-7,-7,-3.6991434052796124,-7,-2.854231605728254,-7,-7,-7,-7,-7,-7,-7,-7,-7,-3.6991434052796124,-2.5690108259325863,-7,-7,-7,-7,-7,-7,-3.6991434052796124,-7,-7,-3.1552305557681803
Aut Control,-2.4236718708921345,-4.608026979519833,-3.1783625161064353,-7,-3.956186461091394,-7,-1.7536648637934877,-7,-7,-3.8313458902046134,-7,-4.307878483152793,-7,-7,-7,-0.2695062507083582,-2.4152661296554827,-7,-7,-4.432523187816963,-7,-1.2726313128199684,-3.277271068503464,-1.6429444386364693,-7,-7,-7,-4.608026979519833,-7,-7,-7,-7,-4.307878483152793,-7,-7,-3.680164850117661,-3.448301828463695,-7,-2.323101662772593,-2.6483513507408443,-7,-3.297951655930591,-7,-3.3792388395640875,-7,-1.1171006411041895,-2.976282192161341,-1.732130183071109,-1.7007687362550123,-2.451416998604275,-7,-1.8180982651088289,-1.13645021215685,-1.7972098928738078,-3.58843408720169,-7,-7,-7,-2.446916623976413,-4.132081455245616,-7,-1.558444700425876,-1.7879481785312505,-7,-4.307878483152793,-3.6318820600763377,-7,-3.3309451072391068,-7,-7,-7,-1.3930970980890967,-7,-4.007289908997593,-3.342524464855821,-3.0076875723287766,-2.6389612473193367,-7,-7,-4.608026979519833,-3.956186461091394,-3.5682383535465445,-7,-7,-3.680164850117661,-7,-1.6270665431439666,-7,-7,-2.2663751573536,-7,-4.21114498491204,-2.3391034529742187,-7,-7,-7,-4.432523187816963,-7,-7,-4.608026979519833,-7,-7,-7
Aut Control,-7,-3.7631693725524866,-3.725401790573444,-4.502400703152628,-7,-4.026201073941742,-1.378627007786999,-7,-7,-7,-4.502400703152628,-7,-7,-7,-7,-0.6162507878984628,-7,-7,-7,-7,-7,-1.0940192323469853,-3.1612982279101796,-7,-7,-7,-7,-7,-7,-7,-7,-7,-7,-7,-7,-3.0054293440735522,-7,-7,-7,-7,-7,-7,-7,-2.519242206528363,-3.3897339691320845,-1.7498155688278387,-7,-2.6776883963928415,-3.048890408848729,-7,-7,-7,-1.0750008482220639,-2.559285461087242,-7,-7,-7,-7,-2.561759990258778,-2.8702832034100534,-7,-1.6639896880011422,-2.0732199658399706,-7,-7,-7,-7,-7,-7,-7,-7,-7,-7,-3.549387462860447,-4.502400703152628,-1.1573324744675635,-3.5259144658398,-7,-7,-7,-3.236537268652623,-7,-3.549387462860447,-4.502400703152628,-7,-7,-1.56351489478982,-7,-7,-4.502400703152628,-7,-0.45532252602390233,-1.490523866876563,-7,-7,-7,-3.8045368843559,-7,-7,-4.502400703152628,-7,-7,-7
Aut Control,-2.5472897763450284,-7,-3.405029576936342,-7,-7,-7,-2.513495419403088,-7,-3.6390339611528817,-3.6390339611528817,-2.4569591518167706,-7,-7,-7,-7,-1.3619404661298602,-2.389141206399201,-4.085851646540046,-2.927981902154863,-2.293980953265466,-7,-2.629996629401042,-0.1645178475014663,-2.6614796329712274,-7,-7,-7,-3.151821129773805,-7,-7,-7,-7,-7,-7,-7,-3.241207460429633,-3.353889316946315,-7,-2.7600203350375416,-3.14183830894918,-7,-3.5064581764139935,-7,-2.979129825490869,-7,-1.6312298098458973,-4.307347726291125,-1.8150014804716053,-1.838895931252025,-3.095101048677037,-7,-2.067675614919607,-1.7276827694262227,-1.9268103262489809,-3.939874842803185,-7,-7,-7,-1.7831824953361752,-7,-7,-1.1819896085320971,-2.175750274652109,-4.307347726291125,-7,-7,-7,-4.307347726291125,-4.006758612724792,-7,-7,-1.3123014967140791,-7,-7,-7,-3.4428081051636124,-2.979129825490869,-4.482998550364936,-7,-4.307347726291125,-3.939874842803185,-4.085851646540046,-7,-7,-7,-7,-2.296791875105488,-7,-7,-2.9219920424808423,-7,-4.482998550364936,-3.2537943618064284,-7,-7,-7,-3.338098553385922,-7,-7,-7,-7,-7,-4.482998550364936
Aut Control,-2.2142103611433877,-7,-2.7931851841714597,-7,-7,-7,-1.725408152428842,-7,-3.9541891697611757,-3.2555319316454416,-7,-3.214146357428838,-7,-7,-7,-0.49882182267569264,-7,-7,-2.499721577722657,-7,-7,-1.555770870990247,-7,-2.3013589564100765,-7,-2.3691092731193018,-7,-2.1837215211684935,-7,-7,-7,-7,-7,-7,-7,-2.893848309023004,-3.025115219580493,-7,-2.122065497589738,-2.9131519182195404,-7,-2.226219069213237,-7,-1.8053582758487288,-7,-1.1632398263311563,-2.583495655299947,-1.3334029451586302,-1.5012604453431295,-2.380538463966912,-7,-1.7586780188191236,-1.461818515940478,-1.188538631978927,-7,-7,-7,-7,-1.298960714741429,-7,-7,-0.6698109463483071,-1.8682171257772395,-7,-7,-7,-7,-7,-7,-7,-7,-2.051485286166341,-7,-7,-7,-2.4167497295854465,-2.321102610305029,-7,-7,-7,-7,-7,-7,-7,-7,-7,-2.4360543694203645,-7,-7,-2.5313195279619554,-7,-7,-3.176363722413065,-7,-7,-3.9541891697611757,-2.7931851841714597,-7,-7,-7,-7,-7,-3.3012807312133594
Aut Control,-2.883349858120236,-7,-3.1595267602166595,-4.413734564634195,-4.5892632135633615,-4.5892632135633615,-2.057557568738462,-7,-7,-3.323689985932469,-2.962524464278465,-3.988470121499563,-7,-7,-7,-0.5167585620470704,-2.4854297697255068,-7,-2.034646030795656,-4.413734564634195,-7,-1.8106331149073527,-3.4294684683624888,-1.5503493528961545,-7,-7,-7,-1.7282233840858456,-7,-7,-7,-7,-7,-7,-7,-2.5759965251796784,-3.151558970661152,-7,-2.3273079388276954,-2.8127737638181967,-7,-2.354154319575514,-7,-2.390913285395363,-7,-1.2548931762733604,-2.745831005644759,-1.2482337762292863,-1.5223948940768814,-2.6109321329275983,-7,-1.5321462696375794,-1.3179510600242885,-1.1095100478364743,-3.2686533139298573,-7,-7,-7,-1.2937391850684477,-3.687651635486109,-7,-0.7839933244787588,-1.6369501850044534,-7,-7,-7,-7,-7,-7,-7,-7,-1.9151713211357981,-7,-7,-7,-3.7456133604920168,-2.3992119524813593,-7,-7,-4.192336428472009,-3.9373645922955154,-3.715666255237802,-7,-7,-7,-7,-1.8885193390050892,-7,-7,-2.549545156537256,-7,-4.192336428472009,-2.724642858426602,-7,-7,-3.9373645922955154,-2.870761679376131,-7,-7,-4.5892632135633615,-4.5892632135633615,-7,-1.9124313062374643
Aut Control,-4.06561915047721,-7,-2.1887465218528863,-4.162402899254628,-3.7648417934558625,-4.462802123818953,-1.0083059377007948,-7,-3.6187859672488303,-7,-2.0092152873720055,-3.0168614010482453,-7,-7,-4.462802123818953,-0.3960456821080718,-2.036736070812371,-2.884247717185673,-2.475047000838188,-1.6640332206067268,-7,-1.7769791401296542,-3.6857026681406793,-2.2545417647143537,-7,-7,-7,-7,-7,-4.462802123818953,-7,-7,-3.9865221009820244,-7,-7,-2.3241763356129286,-3.6509567632509987,-7,-1.890609385504854,-7,-7,-7,-7,-2.440800140165185,-3.246504022007236,-0.9046963252990045,-2.972662107811855,-1.1986564007696832,-1.7344925006263174,-2.3903355641026676,-3.040771002871662,-2.9869011875977707,-1.5122401355502424,-1.6146433814371581,-3.367053438542928,-7,-7,-7,-2.161943900857477,-3.463938172246624,-7,-1.1085167301809116,-2.106124191360893,-7,-7,-7,-7,-7,-7,-7,-7,-1.6819483479910124,-7,-7,-7,-3.1118258780586867,-2.1706955947434516,-4.462802123818953,-4.287131277020561,-7,-4.462802123818953,-3.5344969424856783,-7,-7,-7,-7,-2.1887465218528863,-3.560816588193317,-2.752232805693859,-2.6158575335823615,-7,-4.462802123818953,-4.162402899254628,-7,-7,-7,-3.9865221009820244,-7,-7,-3.3847779921837806,-7,-7,-7
Aut Control,-3.0800910062144298,-4.5484271651154,-2.0210439910882063,-7,-7,-4.5484271651154,-1.6702940115959868,-7,-3.674698593584054,-3.319425702053472,-7,-3.8093225032020435,-7,-7,-7,-0.431998197033652,-7,-2.3233562005623236,-7,-7,-7,-1.866915015024557,-3.572079484242773,-1.997292717866523,-7,-7,-7,-2.2757992049632243,-7,-7,-7,-4.372847995996531,-7,-7,-3.9475202264383253,-2.868691913523759,-3.160736279872416,-7,-2.0134023283042204,-3.05160578426476,-4.372847995996531,-2.9318800268389946,-7,-2.3364380691376736,-7,-1.0669483231332548,-2.4930468829382986,-1.3586530005340778,-1.5275354155143925,-2.1807428079308524,-7,-2.0592996182388528,-1.2572654615860945,-1.6875335788085932,-2.9318800268389946,-7,-7,-4.5484271651154,-1.3685494390100332,-3.620365090100403,-7,-1.1251646759387415,-1.7561723880834208,-7,-7,-7,-4.372847995996531,-7,-7,-7,-7,-3.620365090100403,-7,-7,-1.6573122432132819,-3.9475202264383253,-2.2055660043286776,-4.5484271651154,-7,-4.5484271651154,-3.620365090100403,-3.674698593584054,-7,-7,-7,-7,-2.0210439910882063,-7,-7,-2.535010013349231,-7,-4.5484271651154,-0.9558486639309298,-7,-7,-7,-2.958861136735056,-7,-7,-7,-7,-7,-7
Aut Control,-3.1009150781757455,-7,-2.2814176334024747,-4.197195465581961,-3.720530370208533,-4.197195465581961,-1.4598913058583292,-7,-3.231664108415567,-3.9544506071825785,-7,-2.2920754953145845,-7,-7,-7,-1.130436455186124,-7,-4.497542119329811,-7,-7,-7,-1.9366132624261092,-4.3219063020633035,-1.7196719708922714,-7,-2.518892164037702,-7,-7,-7,-4.197195465581961,-7,-7,-7,-7,-4.497542119329811,-2.644584679009104,-4.100422250076695,-7,-2.2077561111406663,-2.1457572588725213,-7,-2.362179313629089,-7,-1.889312104961958,-7,-1.3113882696711607,-2.9486429395166955,-0.7881577785285603,-1.0669026861677378,-2.1860913876403543,-4.197195465581961,-1.8930629459332533,-2.0814329482038105,-1.0641808348228239,-2.669585812642553,-7,-7,-7,-0.9027524519811022,-3.9544506071825785,-7,-1.5137066043011285,-1.6869977872089488,-7,-7,-7,-7,-7,-7,-7,-7,-4.3219063020633035,-7,-7,-1.7799905772140756,-4.021332226308774,-2.2633734685960065,-7,-7,-3.623665999498051,-2.6296596483374706,-3.720530370208533,-4.3219063020633035,-4.497542119329811,-2.280103604587325,-7,-4.197195465581961,-7,-7,-2.90227810438337,-7,-1.4452541110654,-0.8217134059826448,-7,-7,-4.497542119329811,-4.100422250076695,-7,-7,-4.100422250076695,-7,-7,-2.6238303514981514
Aut Control,-7,-7,-1.66601202940308,-4.685095038026006,-7,-3.626321763346142,-2.336945888075475,-7,-7,-7,-4.685095038026006,-3.0437026349514356,-7,-7,-7,-0.5150528937372809,-2.383996769392723,-7,-7,-7,-7,-1.4203827430291662,-4.288418782713636,-2.4491450219485276,-7,-7,-7,-3.5730974479136193,-7,-7,-7,-7,-3.210011644619532,-7,-7,-2.363941201159669,-7,-7,-3.202834214685848,-7,-7,-4.209378180975084,-7,-2.5169273461722854,-4.385117914621897,-0.9755222136861051,-3.297951003052962,-1.0497131247803981,-1.2315964884212713,-2.7353566928525597,-7,-1.568441143036797,-1.304465200009003,-1.8844262877440392,-7,-7,-7,-7,-1.5402989644310339,-7,-2.659833889533136,-0.8146680356287974,-2.2188488223713168,-7,-7,-7,-7,-7,-7,-7,-7,-7,-7,-7,-1.3010603636764428,-3.3860676870000215,-1.900803423760356,-7,-7,-7,-4.385117914621897,-7,-7,-7,-7,-7,-1.8827198369818225,-7,-7,-7,-7,-4.509705410121926,-3.7575358479904395,-7,-7,-7,-4.142531879458484,-7,-7,-4.685095038026006,-7,-7,-4.509705410121926
Aut Control,-3.951082884813767,-7,-2.0188659696699487,-7,-3.678262731967667,-4.551980338423632,-1.069159542690583,-7,-3.1221097833515716,-3.1384979868544933,-1.5776383026924032,-3.0986317154053933,-7,-7,-4.551980338423632,-2.6266559879333222,-7,-7,-4.551980338423632,-7,-7,-3.3104042693957823,-3.7751209889197765,-7,-7,-7,-7,-7,-7,-4.551980338423632,-7,-7,-2.8292259010728045,-7,-4.37640537864755,-1.3909656063205271,-2.4966126028389093,-7,-2.026541396063001,-3.708211167271165,-4.551980338423632,-1.963577486365682,-7,-1.0754693563843996,-7,-1.2103187862436207,-2.6698493392225737,-0.9176450367259512,-0.7899156644244677,-1.851097462479112,-7,-3.173255114613116,-1.8668916155012947,-1.248393992893716,-2.4514282751967733,-7,-7,-7,-1.6289915151905812,-7,-7,-2.7789880068482886,-2.3167329760855515,-7,-4.551980338423632,-7,-7,-7,-7,-7,-7,-7,-7,-7,-2.5920930092460055,-4.551980338423632,-1.3141055681381995,-7,-7,-3.708211167271165,-4.075892296782267,-7,-3.623929427570498,-7,-3.3359529948631828,-7,-7,-7,-7,-3.7751209889197765,-7,-4.37640537864755,-0.6893759128794457,-7,-7,-7,-7,-7,-7,-7,-7,-7,-7
Aut Control,-3.2835774898319037,-7,-2.6915638169471636,-7,-3.7807233725776666,-7,-1.3575046551747425,-7,-7,-7,-1.640206362292054,-3.5845240559104288,-7,-7,-7,-0.8796047771932395,-7,-3.671637156957461,-3.7807233725776666,-7,-7,-1.8872997074700077,-3.671637156957461,-3.3472333955432783,-7,-7,-7,-7,-7,-7,-7,-7,-7,-7,-3.479824458964552,-2.5846742407057075,-3.92674657109397,-7,-2.554186050090477,-7,-7,-2.258719815573088,-7,-3.3472333955432783,-7,-1.085128279004422,-7,-1.4382797861318897,-1.1567028574206668,-2.3143207993067483,-7,-2.3612558152231164,-1.042657636745603,-1.64698878910905,-4.148350799038325,-7,-7,-7,-1.4488345592845402,-3.4498699757973865,-7,-1.252619117668185,-2.8552004874386676,-7,-7,-7,-7,-7,-4.023564872340654,-7,-1.5642527166276767,-1.542221301819758,-7,-4.148350799038325,-2.2229558383169525,-3.0697301190544195,-2.2681407168004597,-7,-7,-3.7807233725776666,-4.148350799038325,-4.023564872340654,-7,-7,-7,-7,-2.4219521588909316,-7,-2.9270768938875493,-3.3955267094987067,-7,-1.4605412854645705,-0.5895343930114797,-7,-7,-7,-3.3955267094987067,-7,-7,-4.324136599480305,-7,-7,-7
Aut Control,-2.5203656991543086,-7,-2.384149827180336,-7,-7,-7,-1.3800033437509167,-7,-7,-7,-7,-2.8960095232510117,-7,-7,-7,-0.4374057383822101,-7,-7,-2.5438459953958774,-7,-7,-1.9795856142157904,-3.3219212897363857,-1.8571225148597357,-7,-7,-7,-2.7199296582494217,-7,-7,-7,-7,-7,-7,-7,-2.428054193942185,-7,-7,-2.3008144578457372,-7,-7,-3.197005338546202,-7,-2.3148248876466795,-7,-1.2980735683872653,-7,-1.133552111625256,-1.7039621452876277,-2.953996587154168,-7,-1.5648679743184153,-1.3968712277784945,-1.1586516305306382,-2.8448607987884462,-7,-7,-7,-2.7199296582494217,-3.622860155680473,-7,-1.0691588983379356,-1.7163460628655824,-7,-7,-7,-7,-7,-7,-7,-7,-7,-7,-7,-1.154694483709417,-3.197005338546202,-3.798860304134357,-7,-7,-7,-3.2549875201983145,-7,-7,-7,-7,-7,-1.828319157570568,-7,-7,-2.2250951329626325,-7,-7,-1.2303447428625516,-7,-7,-7,-3.622860155680473,-7,-7,-7,-7,-7,-7
Aut Control,-2.9788236197682125,-7,-2.5522643040497983,-4.620501336115624,-3.8438631616519086,-3.9687008623637188,-1.5608636017771522,-7,-3.667872962003557,-7,-3.5082343212311584,-2.9501810784932787,-7,-7,-7,-0.4126685131467055,-7,-1.83876838247807,-2.5828869198006954,-7,-7,-1.751326397378733,-3.476059635456047,-2.024617878649387,-4.320378553272705,-7,-7,-3.561461577298041,-7,-4.223650210463756,-4.445014674990874,-7,-7,-7,-4.223650210463756,-2.918990242068618,-7,-7,-2.6877980458248656,-3.014817698507932,-7,-7,-7,-2.162165534451441,-7,-1.1799940477654831,-2.9501810784932787,-1.3039403711809057,-1.4429083051349934,-2.01485814349879,-7,-1.8760695243220187,-1.2341268746536613,-1.3763107237691607,-3.5082343212311584,-7,-7,-4.620501336115624,-1.3737303901093343,-3.922983783341039,-7,-1.0850018595363828,-1.7725886440258094,-7,-3.0540667468993297,-3.190886489751668,-7,-2.932084436920846,-7,-3.7769596803163488,-7,-2.988806878754725,-7,-4.620501336115624,-1.389574533089151,-3.1037485690588267,-2.0819829407484973,-4.019802875676002,-7,-4.445014674990874,-4.1445901201152,-4.223650210463756,-4.445014674990874,-7,-7,-7,-1.487820469617384,-7,-7,-2.2691630431730356,-7,-4.445014674990874,-3.446105076848223,-7,-7,-4.445014674990874,-2.624476287727895,-7,-7,-3.881624164965618,-7,-7,-3.7190002173943664
Aut Control,-2.8250613694741165,-7,-3.574590012208615,-7,-7,-3.9423494251187434,-4.4187107321420935,-7,-3.3653927447067713,-3.8966299668722826,-2.6564034715574953,-7,-7,-7,-7,-1.1848273287660347,-2.5314696568204855,-3.070846477247827,-2.5025069135118616,-1.5213073512769044,-7,-1.880353562946559,-0.29298400796681345,-2.4513559258563244,-7,-2.6024887922104365,-7,-7,-7,-7,-7,-7,-7,-7,-7,-3.2634242905891147,-7,-7,-2.3264202588479854,-2.663956264055559,-7,-7,-7,-7,-7,-1.2199125096629306,-3.064413119076919,-1.7477508653955416,-1.6300336437419838,-2.524045889007411,-7,-1.4966057716397858,-1.9197025853864276,-1.3586490826061546,-3.21565980618338,-7,-7,-7,-1.903973827780866,-7,-7,-1.4025384116388693,-1.950516267371962,-7,-7,-7,-7,-4.4187107321420935,-7,-1.7714885758558419,-7,-7,-7,-7,-1.3926364232982826,-3.7827656154002294,-1.9549604395029312,-7,-7,-4.594232901829728,-2.175980150706554,-3.8175057755415645,-7,-7,-2.4375680250695,-1.8995825768393804,-2.658906502911467,-7,-7,-2.589459494417932,-7,-4.0513852491375495,-3.4197369760068503,-7,-7,-7,-3.993454411856521,-3.352806495529045,-7,-7,-7,-7,-7
Aut Control,-3.264121867138252,-7,-2.5153255552975202,-3.4796703819285746,-4.2272559724415375,-4.448616401687197,-3.8127338695940454,-7,-7,-3.0292859355630224,-7,-2.725539278780557,-7,-7,-7,-0.4525245515840975,-7,-7,-7,-4.448616401687197,-7,-2.3471662322473072,-3.3953726242557978,-2.106095954176937,-7,-7,-7,-7,-7,-7,-7,-7,-7,-7,-7,-3.2366885034451904,-7,-7,-2.011555193097395,-3.7226101502374713,-7,-2.3718548152511145,-7,-4.081337385120992,-4.2272559724415375,-1.283999773781991,-7,-1.3947137670518712,-1.2901699522068792,-2.382880956565311,-7,-3.9723093195562837,-1.41708406870719,-2.145198046568598,-3.5650720878982085,-7,-7,-7,-2.586498612872893,-2.9226017729799745,-7,-1.511650785451019,-2.1627770382098035,-7,-7,-7,-7,-7,-7,-7,-7,-1.451577666772467,-7,-7,-4.448616401687197,-2.972676195778572,-3.335800772141728,-4.1481968923265695,-7,-2.639138837950031,-3.358658568697704,-3.141569482833669,-4.624098031393606,-7,-7,-7,-4.624098031393606,-7,-7,-4.624098031393606,-7,-4.023410911475689,-0.4727549843597154,-7,-7,-7,-4.081337385120992,-7,-7,-7,-7,-7,-7
Aut Control,-3.147747745510482,-7,-1.4996375553368597,-7,-4.033829772699868,-4.18853057496031,-4.555614451477841,-7,-4.079535102310389,-7,-1.5818979990935784,-7,-3.4543922441613053,-7,-7,-0.4303975546509269,-7,-3.248892628515334,-2.210166623273237,-4.730925918466447,-7,-1.572949445177995,-1.3110893040331286,-3.1709122665529046,-7,-7,-7,-4.730925918466447,-7,-4.334390545191604,-7,-4.255365650545819,-7,-3.829885879516857,-7,-2.6045297521765645,-7,-7,-2.707941473924137,-3.60276170565185,-7,-4.730925918466447,-7,-7,-4.334390545191604,-1.1574462317137157,-3.4109383262540574,-1.14859851177198,-1.3954099992455518,-7,-7,-1.3591620059191105,-1.2665493337410305,-1.1376624765762875,-7,-7,-7,-7,-1.5524255435029084,-3.208154559359714,-7,-1.3057013820150547,-2.668791260997475,-7,-7,-7,-7,-7,-7,-7,-7,-1.5815916196635067,-7,-2.9514752930827064,-4.4310661365870985,-2.8383699166662235,-3.9199947746959323,-4.555614451477841,-7,-4.334390545191604,-3.60276170565185,-7,-3.7787659740676847,-7,-7,-1.9486483564417043,-7,-7,-7,-2.3988048774250545,-4.730925918466447,-7,-2.7509737969926795,-7,-3.6361715414654436,-4.555614451477841,-2.869914458050169,-7,-7,-4.079535102310389,-7,-7,-7
Aut Control,-2.287050775138248,-7,-2.123804938657303,-4.8244798347417746,-4.127835330514975,-4.458162849343002,-2.1360064918639785,-7,-4.048751251060061,-4.025295728980139,-7,-3.161432128666942,-7,-2.723561959402255,-7,-0.4353132919192387,-7,-2.113053266716798,-7,-7,-7,-1.84421055486385,-3.9062198172538447,-1.3974738784309673,-7,-7,-7,-7,-7,-4.9991239543578105,-7,-4.6037922786485375,-3.841810099467248,-7,-4.524901816746309,-3.3312889254109894,-7,-4.458162849343002,-1.9562011261036378,-2.3507404844109177,-4.524901816746309,-3.0516079723588976,-7,-2.3560870897218993,-4.262321980003055,-1.0063771829886934,-3.1003352127311397,-1.4235237733819164,-1.4512973533121305,-2.3536486518184234,-7,-1.8318967688383547,-1.4609021884373068,-1.3174687264104565,-2.9224565434459517,-3.1341890435293873,-7,-7,-1.2214726498771011,-3.2958239113486614,-7,-1.2344343441120549,-1.4843728387939554,-7,-4.9991239543578105,-7,-4.6037922786485375,-4.9991239543578105,-4.9991239543578105,-7,-7,-7,-4.70026648016801,-4.6037922786485375,-1.1927092317366412,-3.7857307303335785,-2.317729154750246,-4.8244798347417746,-7,-4.073546254118707,-3.651102872671314,-3.6608582898584094,-4.303635220161495,-7,-7,-7,-1.8724999901499748,-3.961689427476086,-7,-2.2678729726191094,-7,-7,-3.3359328290977945,-7,-7,-7,-4.303635220161495,-7,-7,-3.812865869340382,-7,-7,-2.0589922728336205
Aut Control,-3.6001100176845777,-7,-2.21407427639974,-7,-7,-7,-1.1193178262635834,-7,-7,-7,-2.2385476336196755,-3.776114815571479,-7,-7,-7,-0.44697624982149026,-7,-7,-3.776114815571479,-7,-3.475214518116419,-2.475331279630588,-3.17424938608475,-2.931239139063898,-7,-7,-7,-7,-7,-3.776114815571479,-7,-7,-7,-7,-7,-3.232232066236107,-2.4646077307083383,-7,-2.521087328499688,-7,-7,-1.5736119363052958,-7,-2.424180198879568,-7,-1.128501901597753,-2.9981797503928282,-1.2410793740953066,-1.3117348013735548,-2.1965838248902734,-7,-1.672568486376135,-1.1117317134626234,-1.1694550832222261,-7,-7,-7,-7,-1.9839783755678453,-7,-7,-1.018219175865274,-2.6460212595039674,-7,-3.378330449398782,-3.1231040713056646,-7,-3.0773523469657547,-2.2385476336196755,-7,-7,-1.7429480923587435,-7,-7,-7,-3.475214518116419,-2.5588745787645357,-7,-7,-3.776114815571479,-7,-7,-7,-7,-7,-7,-1.8125836026078561,-7,-7,-3.232232066236107,-7,-7,-3.232232066236107,-7,-7,-7,-3.776114815571479,-7,-7,-7,-7,-7,-7
Aut Control,-3.1975174445528642,-7,-3.218035800160058,-4.310640307992173,-4.164766067550347,-7,-0.9426843535275614,-7,-3.754979631795984,-3.754979631795984,-1.6286605983806937,-3.14711544127161,-7,-7,-7,-0.5234456115541062,-7,-2.110126520170086,-7,-7,-4.4073283717671945,-1.6283001895336502,-3.8341114730333032,-1.3995187756747947,-7,-7,-7,-7,-7,-7,-7,-7,-3.1239507419257455,-7,-7,-2.5066946150685308,-3.239571829741477,-7,-2.1697595904990243,-2.8461159164873067,-7,-3.239571829741477,-7,-2.1863667409343686,-4.310640307992173,-1.4232362447405449,-2.69033167158206,-1.5093016001688744,-1.7530582189470185,-2.051452963746794,-4.531897444864978,-2.348676866577852,-1.184488603337552,-0.9870405861190696,-2.7699244275487933,-7,-7,-7,-1.6141237316399386,-4.010054551370504,-4.7072503195150395,-1.3823136898499229,-1.7386552594992262,-7,-7,-7,-7,-4.4073283717671945,-7,-7,-7,-3.1019593012831725,-7,-1.2292459147820454,-1.6174489790314805,-3.968702274121638,-2.3660505670121004,-7,-7,-7,-2.942275357715097,-4.310640307992173,-4.531897444864978,-4.7072503195150395,-7,-7,-1.8527372652225513,-7,-7,-2.1365916993150953,-7,-4.531897444864978,-3.086166995592035,-7,-7,-7,-4.310640307992173,-7,-7,-4.4073283717671945,-7,-7,-3.930947389362236
Autism,-3.6452794574497323,-7,-1.9372896297525142,-7,-4.188868028951633,-3.4904350697944198,-0.7207120582702595,-7,-3.8370583884110503,-3.273004052334163,-7,-3.3601361327107915,-7,-7,-7,-0.980493408346236,-3.273004052334163,-7,-3.043363411260539,-7,-7,-2.133582126893805,-3.3765227211347093,-2.338271626843228,-7,-7,-7,-3.247454601071655,-7,-7,-7,-4.3135831925909,-7,-7,-7,-3.0925756752090443,-3.8881736086914804,-4.3135831925909,-2.551034735919268,-2.5291336541167238,-7,-4.489227650695813,-7,-4.188868028951633,-7,-0.8629984539409609,-3.128783174174495,-0.9342665608585335,-0.9606256366087392,-2.253772545092733,-7,-1.7084530680259347,-1.2337307251143668,-1.4220113922323383,-3.075544403134901,-7,-7,-7,-1.3830192561060848,-7,-7,-1.1425561934650466,-2.048084814405508,-7,-7,-7,-7,-7,-7,-7,-3.043363411260539,-1.803483828023907,-3.9461176004475726,-7,-2.579395337423822,-3.2117451102980263,-1.8704301572742974,-7,-7,-7,-3.3291087626325857,-3.7499624761095967,-4.489227650695813,-7,-7,-7,-2.413190284098206,-7,-7,-3.043363411260539,-7,-2.766268210226589,-3.138327193842709,-7,-7,-7,-3.7913307418909414,-7,-7,-7,-7,-7,-7
Autism,-7,-7,-2.774969049157739,-7,-7,-7,-1.116160892638732,-7,-3.3342091633565074,-7,-7,-2.7460070220923796,-7,-7,-7,-2.5471815252931114,-7,-7,-7,-7,-7,-7,-3.9359879813475103,-7,-7,-7,-7,-7,-7,-7,-7,-7,-7,-7,-3.5382728967800507,-2.0387310802301695,-2.055544391816787,-7,-2.1546013449871504,-7,-7,-2.521375144937931,-1.326767588751527,-1.820749533602351,-7,-1.9320378319681693,-7,-1.5098502533659883,-1.390436523101978,-2.161839649710849,-7,-7,-2.646309072756394,-1.6541921825500316,-2.790208091878507,-7,-7,-7,-1.5890312184407223,-7,-7,-3.1233918590740966,-3.9359879813475103,-7,-7,-7,-7,-7,-7,-7,-7,-7,-7,-7,-7,-3.76002166574598,-3.4591166494918437,-7,-7,-3.76002166574598,-3.283067058233175,-7,-7,-7,-7,-7,-7,-7,-7,-7,-7,-7,-0.16879887022562315,-7,-7,-7,-7,-7,-7,-3.9359879813475103,-7,-7,-2.404872970338437
Autism,-1.9749862101334557,-7,-2.65600850848426,-7,-7,-4.206778475225986,-2.6889430168656165,-7,-3.5260910749380607,-3.6052431540503793,-2.5280356301172007,-4.206778475225986,-7,-3.7922355791554314,-4.303513738944957,-0.9297311069366232,-2.66339012491595,-2.7077689340386106,-2.4485540844127107,-2.5504068994551,-7,-2.1168617846186546,-0.43983249365502697,-2.050318860003029,-7,-7,-7,-1.8102307898292656,-7,-7,-7,-7,-7,-7,-7,-2.7391070280797707,-7,-7,-2.4831890944308754,-2.353770157079896,-7,-3.2531578666753522,-7,-2.588368012783504,-7,-1.0876940587483508,-3.4292102308242742,-1.5188789669194784,-1.565407952449659,-2.00991751994257,-7,-1.5709886627891132,-1.4709210448004053,-1.3342729294162625,-3.008776771110338,-3.7600701223387367,-7,-7,-1.445549126429734,-7,-7,-1.0770795540893512,-1.8290773454621152,-7,-7,-7,-7,-7,-7,-7,-7,-7,-7,-7,-1.5717917936017636,-3.08032112256879,-2.6097653073520597,-7,-7,-7,-7,-3.864737309823463,-7,-4.603671041331436,-2.8236338747887033,-7,-1.7480832571514073,-7,-7,-2.877031681594801,-4.603671041331436,-4.603671041331436,-3.5260910749380607,-7,-7,-7,-3.7600701223387367,-7,-7,-7,-7,-7,-4.1277137677804046
Autism,-3.2131220363308843,-7,-2.9565428328676777,-7,-7,-7,-1.8530384406536253,-7,-4.291523615399667,-3.40765660500982,-7,-7,-7,-7,-7,-0.45744500967254953,-2.8451857914866587,-7,-7,-7,-7,-1.506568621746505,-3.2253544658247137,-1.7164147814089,-7,-7,-7,-7,-7,-7,-7,-7,-7,-7,-7,-3.013575818914218,-2.4706295732382935,-7,-2.0891546393234046,-3.2131220363308843,-7,-2.0846448461823948,-7,-1.909153955576848,-7,-1.2857647477803624,-2.9306093766970336,-1.7604672414818467,-1.8309728174080566,-2.7400878359443834,-7,-1.5618595343841568,-0.9953431967525191,-1.1963910195912513,-3.2253544658247137,-7,-7,-7,-1.4070119019629366,-3.4906074659357333,-7,-0.8333334485772753,-1.5845186262579436,-7,-7,-7,-7,-7,-7,-7,-7,-2.2156053237388553,-7,-4.467190190775435,-1.8215689857886035,-2.8556504835372385,-2.7012877921518426,-7,-7,-7,-7,-3.6901014292687013,-7,-7,-7,-7,-2.1421236044171046,-7,-3.322246236949816,-2.639142796202524,-7,-4.291523615399667,-2.9841237778463126,-7,-7,-7,-3.468337791160653,-7,-7,-7,-7,-7,-1.6903121107055694
Autism,-2.5218199838584,-7,-2.2189048865880827,-7,-4.578989475796087,-7,-1.511155408977979,-7,-3.519798306214339,-3.4191578850024373,-2.303021971795662,-4.578989475796087,-7,-3.089224880280262,-7,-0.602687616837559,-2.2502184117358532,-7,-7,-7,-7,-1.7458989738333772,-3.9270600922150516,-1.2903817950612164,-7,-7,-7,-2.213276894146313,-7,-7,-7,-7,-4.578989475796087,-7,-7,-2.7481066826849685,-2.3711146903246587,-7,-1.7833697339026922,-2.4207606216320894,-7,-2.4633559938163634,-2.978538583241494,-1.7542386636436618,-7,-1.2626801921281299,-2.47853631494403,-1.591410943174506,-1.4809579564522979,-2.38060021292195,-7,-1.5885267403382037,-1.0535898257840706,-1.0185846290689777,-2.813455780585211,-7,-3.4835976330439187,-7,-1.1348794830525513,-3.8022131529918126,-7,-0.9970440130670807,-1.5502410693580273,-7,-7,-7,-7,-4.578989475796087,-7,-7,-7,-2.1265518290971133,-4.102967814690107,-4.578989475796087,-4.403447665538625,-3.2583418826859036,-1.9890146393051877,-4.578989475796087,-7,-4.182038976008608,-7,-3.9781667232451263,-7,-7,-7,-7,-1.8454373211378408,-7,-7,-2.501444886377063,-7,-4.403447665538625,-2.9085068730241748,-7,-7,-7,-3.7353057110382273,-7,-7,-7,-7,-7,-3.165602969607458
Autism,-2.8867565234342663,-7,-2.2182535353839707,-4.522164404193462,-3.921189719653446,-7,-1.038079459191331,-7,-3.509231335256597,-3.0868664367857,-7,-3.131442834798594,-7,-7,-7,-0.8782549953714246,-2.570964886415787,-7,-7,-7,-7,-2.5840761634033,-3.6783069364349337,-2.183822867321928,-7,-7,-7,-7,-7,-7,-7,-4.6975336292421925,-4.6975336292421925,-7,-7,-3.620340872432802,-3.65811296215928,-7,-2.482206215820246,-2.7406380481892114,-7,-3.076402266103867,-7,-2.0901035889920063,-7,-1.147156185104591,-2.4019318736579702,-1.2355112249155384,-1.265373205051198,-2.0489054422363813,-7,-1.4098903873680202,-0.914693650066223,-1.022552363797722,-2.7265523497201922,-7,-7,-7,-1.00544879071097,-3.337880945391945,-7,-1.302544896686996,-1.6126303566257485,-7,-7,-7,-7,-7,-7,-7,-7,-1.7562063492321183,-7,-7,-4.300894147327896,-3.796341547821968,-1.9641004444111363,-7,-7,-2.629646964452344,-3.8864554774679636,-3.585592703799387,-7,-7,-7,-7,-2.2940070091976943,-7,-7,-2.4679662019406776,-7,-2.851483373537726,-1.587264246197247,-7,-7,-7,-4.046007732596338,-7,-7,-4.097099905793062,-7,-7,-4.6975336292421925
Autism,-4.537106706352204,-7,-2.3742420119565524,-7,-4.140065142508256,-3.7602037985749575,-1.6127757934460645,-7,-4.537106706352204,-7,-4.537106706352204,-3.60900966702706,-7,-7,-7,-0.30050875421264484,-7,-7,-7,-7,-7,-1.5295779364073456,-3.9361700617747117,-4.537106706352204,-7,-7,-7,-7,-7,-7,-7,-7,-7,-7,-4.537106706352204,-2.1024370033633235,-3.839335041963068,-7,-2.479786552735759,-7,-7,-3.6353275733880253,-7,-2.9311130645388426,-7,-1.2142190809386952,-7,-1.0882015304021688,-1.6975565188176058,-7,-7,-1.7290431068409764,-4.236825285579101,-1.321647030469273,-7,-7,-7,-7,-3.839335041963068,-7,-7,-0.9942265761314859,-2.521557376606131,-7,-7,-7,-7,-7,-7,-7,-7,-4.537106706352204,-7,-7,-1.3053542618260912,-3.115302635752494,-1.8078200829721955,-7,-7,-7,-3.0542560979819426,-7,-7,-7,-7,-7,-1.8366026925771084,-7,-7,-2.7157609320479636,-7,-4.361514353831148,-3.099217875328152,-7,-7,-7,-3.2954813352712877,-7,-7,-3.885059200615489,-7,-7,-7
Autism,-3.072773165335162,-4.510747158390587,-2.863765466250708,-7,-3.812904832225811,-3.771537810177845,-1.3327481283011295,-7,-4.510747158390587,-7,-7,-3.6369076786558656,-7,-7,-7,-0.9834328729145665,-7,-7,-7,-7,-7,-3.2690384674627304,-3.6088907196752342,-4.113652633718745,-4.510747158390587,-7,-7,-4.510747158390587,-4.510747158390587,-7,-7,-3.9676858293992243,-7,-7,-7,-2.91552436443086,-4.510747158390587,-7,-2.1030643385746384,-7,-7,-3.5120160024382874,-7,-2.611772320546287,-7,-0.9558543211293073,-3.4706361528171623,-1.2580919744784587,-1.2248027127355834,-2.3754263380761897,-7,-0.7027319663816495,-1.1924260434738578,-1.8237344980676173,-7,-7,-7,-7,-1.3689852053042602,-7,-7,-0.6629219230494047,-2.9380882855238633,-7,-7,-7,-4.33512540944542,-7,-7,-7,-7,-2.9323364521525632,-7,-7,-7,-2.131940087762687,-1.450515054691079,-4.034565432022604,-7,-7,-7,-4.510747158390587,-7,-7,-7,-7,-2.0921960956164836,-7,-7,-4.33512540944542,-7,-4.2104216183726395,-3.771537810177845,-7,-7,-7,-2.004971843983734,-7,-7,-7,-7,-7,-4.510747158390587
Autism,-3.045134091180078,-7,-2.766660203621241,-7,-3.818195187558058,-4.090946504196156,-1.9488543668092004,-7,-3.672148801144612,-3.763871143661941,-7,-2.981693422685296,-7,-7,-7,-0.5458349041567123,-2.9859300674244547,-7,-7,-7,-7,-2.4921316790103507,-4.148861962957985,-2.2185907708901857,-7,-7,-4.6914030651422785,-7,-7,-4.6914030651422785,-7,-4.215706789251403,-4.6914030651422785,-7,-7,-2.2810734472605154,-3.27848646954649,-7,-1.9353839260209662,-3.4146758357068583,-7,-2.3142278188192527,-7,-1.4287233020612955,-7,-1.2740814014431237,-2.5615871690494676,-1.187171905187318,-1.3939249748152565,-7,-7,-1.3537918280876458,-1.2853014875524604,-1.130654322535144,-3.489288297161867,-7,-7,-7,-0.9418010369222355,-3.651954694353239,-7,-1.2368719118346276,-1.9825749994003583,-7,-7,-7,-7,-7,-4.6914030651422785,-7,-4.6914030651422785,-2.771830133168306,-4.294745326832313,-4.6914030651422785,-1.6172642360799219,-2.782358369700152,-2.2565771190006165,-7,-7,-4.148861962957985,-3.9150337700493925,-3.438150662755036,-7,-7,-7,-7,-7,-7,-7,-2.9571064413918933,-7,-7,-1.102310129647587,-7,-7,-7,-3.0168035358557868,-7,-7,-4.294745326832313,-7,-7,-7
Autism,-1.9822513009770713,-7,-2.2378232153698083,-7,-7,-4.438942487291108,-1.3744321659971734,-7,-3.519175053577027,-7,-7,-2.555515178904978,-7,-7,-7,-0.5699284448403223,-7,-7,-2.2992018752841195,-7,-7,-1.8964797114053118,-3.686598599999376,-1.4878280216996236,-7,-7,-7,-7,-7,-7,-7,-4.6144375371592,-3.3730880299816737,-7,-7,-2.521044858669372,-7,-7,-1.6914304959190791,-3.4400177307737474,-7,-7,-7,-2.522792466811952,-3.916899812331139,-1.0608917981651287,-4.6144375371592,-1.121030733584589,-1.5088476413903487,-7,-7,-1.5574215716497177,-1.1244462718348258,-1.1375893981039322,-3.1537687431228076,-7,-7,-7,-1.3130316754739666,-3.360856421769794,-7,-1.0577595672273152,-1.675959174958371,-7,-7,-7,-7,-7,-7,-7,-7,-7,-7,-7,-1.4718088201752415,-3.7129143483713016,-3.1463457738650664,-7,-3.4119964834576257,-2.764944999147607,-3.4400177307737474,-3.072109304868203,-7,-7,-7,-7,-1.7354126719861063,-7,-7,-2.35495592269148,-4.6144375371592,-4.217571295039178,-2.572850105687921,-7,-7,-7,-3.8755397339400366,-7,-7,-4.438942487291108,-7,-7,-4.6144375371592
Autism,-3.349157026268703,-7,-2.0952259313476853,-4.8088464273328615,-4.11211948756484,-4.509216988813584,-1.021014655140864,-4.8088464273328615,-3.396570479661738,-2.5786395024226505,-4.8088464273328615,-3.621138817349538,-7,-7,-7,-0.5506747071930879,-2.1817264378493046,-7,-2.349244369150652,-7,-7,-1.3496276568309316,-4.509216988813584,-1.5145470026065917,-4.8088464273328615,-7,-7,-7,-7,-4.8088464273328615,-7,-4.8088464273328615,-7,-7,-7,-2.2487569906397438,-4.633688371009576,-7,-2.4387281432801244,-2.794591669753933,-4.11211948756484,-3.2205152993637927,-7,-2.183256520010198,-7,-1.1337709004305918,-2.3590890812905316,-1.5059769348356242,-1.4447611739117754,-2.335971470871315,-7,-1.773029335725424,-1.0227058882702762,-1.8336969903946494,-3.2800903776375687,-7,-7,-7,-1.2329548293494657,-3.593997572623079,-7,-1.066030345982602,-1.436078713584199,-7,-7,-7,-7,-7,-7,-7,-7,-4.157814514087346,-4.633688371009576,-7,-1.6064459541363174,-2.4565714396738345,-2.36837894239561,-7,-7,-4.070777916030187,-3.732236329530747,-3.4313235666998123,-7,-7,-7,-7,-1.873379344805022,-7,-7,-7,-4.8088464273328615,-7,-4.157814514087346,-7,-7,-7,-3.459344473793244,-7,-7,-7,-7,-7,-4.8088464273328615
Autism,-2.3976184268561163,-4.399424142899863,-2.3165258341301747,-4.032070348736017,-3.8359457654793205,-7,-0.7881900943301972,-7,-4.27475785495398,-2.6151672251142837,-1.784912927927673,-2.805726445244368,-7,-7,-7,-0.844292592696087,-7,-7,-4.27475785495398,-7,-7,-1.9538703531256394,-3.6733114987510764,-7,-7,-7,-7,-7,-7,-7,-7,-7,-7,-7,-7,-3.4625368673478136,-7,-7,-2.076913956563728,-3.7013265765913386,-7,-3.3861688422304566,-7,-3.798182010846635,-7,-1.0422622881225392,-3.2148071634736293,-1.2954583240682118,-1.1072255318431445,-2.2411407558317458,-7,-1.241850225800457,-1.1652384525028499,-1.7349316145955036,-4.032070348736017,-7,-7,-7,-1.3724852170248931,-3.4303611830466707,-7,-0.7901739852112548,-2.216763587228558,-7,-7,-7,-7,-7,-7,-7,-7,-1.7374401680894063,-7,-4.57497101684597,-7,-2.525439138837501,-2.1364786738603803,-4.57497101684597,-4.27475785495398,-7,-4.399424142899863,-3.5764424255956944,-7,-7,-7,-7,-1.837426604856452,-7,-7,-2.8776034547287432,-7,-4.57497101684597,-1.7941308960050935,-7,-7,-7,-4.1780113932212535,-7,-7,-3.3212427119831913,-7,-4.57497101684597,-7
Autism,-3.2337795297339933,-4.078431408350949,-3.2549651088977622,-7,-7,-7,-4.554513398841009,-7,-3.680803664523411,-7,-7,-2.8614364631135776,-7,-7,-7,-0.6623112676550696,-7,-7,-7,-7,-7,-2.982000293288468,-3.8154265172325537,-7,-7,-7,-7,-7,-7,-4.254262618104374,-7,-4.554513398841009,-7,-7,-7,-2.199084959619226,-7,-7,-3.018208842804273,-3.037511939411626,-4.378941461031028,-7,-7,-2.6781055809951932,-7,-1.2023485996509757,-2.8358841624214404,-1.3167728495030835,-1.3630868481809562,-2.433845557698994,-7,-4.554513398841009,-4.254262618104374,-1.504726341557083,-3.442009690917556,-7,-7,-7,-1.6359480248295062,-7,-7,-1.3144013597505164,-2.650257937734544,-4.157508615991271,-4.554513398841009,-7,-7,-7,-4.254262618104374,-3.85679081034854,-7,-4.378941461031028,-7,-7,-7,-4.011558947130446,-1.6784119140897567,-7,-4.157508615991271,-4.254262618104374,-4.011558947130446,-3.555916993891516,-1.8895518809935918,-7,-7,-7,-2.400726264438309,-7,-7,-7,-7,-1.7811888394001711,-0.35170892705243184,-3.7107520130540137,-7,-7,-3.85679081034854,-7,-4.078431408350949,-4.254262618104374,-7,-7,-7
Autism,-3.1973469274419903,-7,-2.4356426682563197,-4.247798794076951,-4.00509018136907,-4.247798794076951,-1.5825164678926824,-7,-4.548061076215366,-7,-7,-3.0946989882752134,-7,-7,-7,-0.43757957017328486,-7,-7,-7,-7,-7,-1.7313696294903682,-4.00509018136907,-7,-7,-7,-7,-7,-7,-4.247798794076951,-7,-7,-4.548061076215366,-7,-7,-1.5746242376464459,-4.372481475357464,-7,-4.372481475357464,-7,-7,-2.7571813432016063,-7,-2.6357652363016313,-7,-1.217461788207188,-7,-1.05308285332127,-0.9057502029068956,-1.9315460564210458,-7,-2.6384213647693997,-1.4892764942224193,-1.4786356395396079,-4.372481475357464,-7,-7,-7,-1.5746242376464459,-7,-7,-0.9163310934298613,-2.8593703653381213,-7,-7,-7,-7,-7,-7,-7,-7,-4.548061076215366,-7,-3.896043370614434,-1.5739347013507057,-2.409707620658256,-2.9315126710517667,-7,-7,-4.372481475357464,-3.850320065777181,-7,-3.896043370614434,-7,-7,-7,-1.9278987218282293,-7,-7,-3.0946989882752134,-7,-7,-3.169322479602474,-7,-7,-3.7364477231876774,-2.51415393580313,-7,-7,-7,-7,-7,-7
Autism,-3.276185289641922,-7,-7,-3.4358496765229374,-3.566141980053288,-4.021777026854445,-3.404823613686273,-7,-3.5884099575482513,-3.1114009457934886,-7,-2.7809458764749437,-7,-7,-7,-3.4869873895998964,-7,-7,-7,-7,-7,-7,-3.5884099575482513,-7,-7,-7,-7,-7,-7,-4.021777026854445,-7,-3.9638421619701667,-7,-7,-7,-2.339692538249723,-2.505590186071091,-7,-0.9915759286188597,-3.4200596406811536,-7,-2.036097520589863,-7,-3.0412093762691397,-7,-1.0886014772511239,-2.908255380827073,-1.700307959860488,-0.9971032234093559,-1.9830989869949747,-7,-4.088647718696116,-1.3155152134288175,-0.8795313189859965,-3.287464141388227,-7,-7,-7,-1.120852850261292,-7,-7,-3.1038487756409374,-3.1682979391781028,-7,-7,-7,-7,-7,-7,-7,-7,-4.389145402862135,-7,-7,-7,-4.264472740446544,-1.0802962293090943,-7,-7,-3.0964256924969984,-2.932796277766545,-7,-7,-7,-7,-7,-7,-7,-7,-7,-7,-0.7757702265316756,-1.4173898095879227,-7,-7,-7,-7,-7,-3.6910274103807224,-7,-7,-7,-3.6366948325517376
Autism,-4.211814557576248,-7,-3.8531906491422068,-3.5950514979228334,-3.6260730698552077,-4.45432246081965,-1.5162894628462396,-7,-3.8268799298650835,-4.1539110311240055,-4.754117961361199,-3.279386571814809,-7,-7,-7,-0.685942960825906,-7,-7,-7,-7,-7,-2.31883085848258,-3.6772026437171905,-7,-7,-7,-7,-7,-7,-7,-7,-4.278643481169152,-3.642456424811021,-7,-7,-1.9443419533305866,-2.837482505124558,-7,-2.1808189043951285,-7,-7,-3.0405394458200887,-7,-1.7611721662933137,-7,-1.712244496930553,-2.790421932725343,-1.659331178949098,-1.4856775024818485,-2.370973993268253,-7,-2.330883953269612,-1.8900044223917207,-2.2002810823191976,-3.367323191559178,-7,-7,-7,-2.048164718223775,-3.7149724293931774,-7,-1.586033737935347,-2.8644640799314853,-7,-7,-7,-7,-7,-7,-7,-7,-1.7025500705639645,-4.754117961361199,-7,-4.357659768486096,-2.5497491939428243,-2.097144257186927,-7,-7,-7,-4.754117961361199,-3.3499530634682197,-7,-7,-7,-7,-7,-7,-7,-2.1380134749663156,-7,-3.9111383520776597,-0.2683923285271074,-7,-7,-7,-3.3016586172685964,-7,-7,-7,-7,-7,-7
Autism,-2.2216532081666713,-7,-2.6118082885329184,-4.051545926798823,-3.8919955789490377,-4.227392742623737,-1.6043587389245046,-7,-3.5009900862806735,-3.9267294634197243,-2.365786216202102,-4.403117594612076,-7,-7,-1.3231396904056252,-1.3377045215332102,-7,-7,-7,-7,-7,-2.5498962967699805,-0.37949600726210564,-1.8515464428548012,-7,-7,-7,-7,-7,-4.403117594612076,-4.403117594612076,-4.703050220220191,-7,-7,-7,-2.4621971025947964,-3.5009900862806735,-7,-2.469706484802981,-4.703050220220191,-7,-3.64435836910486,-7,-2.1152924754221356,-7,-1.2378608966167906,-3.8018824543302676,-1.586320312003472,-1.6451148224204484,-2.1059050648593964,-7,-1.200300696337673,-1.6813761535243554,-1.8446072867664933,-4.10263732553869,-7,-7,-7,-1.4431515706451252,-7,-7,-1.022786306338328,-2.004972409845588,-7,-7,-7,-7,-4.703050220220191,-4.703050220220191,-7,-7,-1.471108965755187,-7,-7,-2.192689979004707,-3.0717280529921904,-7,-2.4063835931110664,-3.964484673650566,-7,-4.160550697531023,-7,-4.0058373413988635,-7,-7,-7,-1.8227203148298907,-7,-7,-2.5797499722521553,-7,-4.703050220220191,-3.7507605120282967,-7,-7,-4.403117594612076,-3.200028920782627,-7,-7,-4.227392742623737,-7,-4.403117594612076,-7
Autism,-7,-7,-2.5886189584646244,-7,-3.889329066888276,-7,-1.5022745899153351,-7,-3.491591064848304,-2.98653370431261,-2.195053792684573,-7,-7,-7,-1.5472415848240855,-0.6761478338005991,-7,-7,-7,-7,-7,-1.6272128663333818,-7,-1.787572608395107,-7,-7,-7,-7,-7,-7,-7,-7,-7,-7,-7,-3.044519636548781,-2.65919706057711,-7,-2.0031706968654217,-2.8289386652432573,-7,-2.1653835714146985,-7,-1.9211792261328469,-7,-1.2157230845067182,-2.1994628421492632,-1.249183589010153,-1.4363462706537595,-2.1079048542685794,-7,-3.889329066888276,-1.620151041535574,-1.4891264680322445,-2.5996139109105956,-7,-7,-7,-1.446401595458987,-3.889329066888276,-7,-0.9366309642455064,-1.9073910548386614,-7,-7,-7,-7,-7,-7,-7,-7,-2.4664072113594315,-7,-1.1715788573360186,-1.4495429709174765,-3.713350022138993,-7,-3.889329066888276,-2.98653370431261,-7,-3.713350022138993,-7,-7,-7,-7,-7,-2.57789550386262,-7,-7,-2.6855247608999533,-7,-7,-0.8578532124301005,-7,-7,-7,-7,-7,-7,-3.713350022138993,-7,-7,-7
Autism,-3.78599406415609,-7,-3.4271213925465087,-3.6769085598723663,-3.1194169712763316,-4.232674772678814,-0.5957475161863395,-7,-4.629503064046202,-3.552021424330843,-7,-2.2248100421151538,-7,-7,-7,-3.1841331122743837,-7,-7,-7,-4.629503064046202,-7,-7,-3.517271226880846,-7,-7,-7,-7,-7,-7,-3.977732212557641,-4.629503064046202,-7,-7,-7,-7,-1.419435285238649,-7,-7,-2.4099321110472123,-7,-7,-4.028833164575167,-7,-1.771316555480659,-7,-1.1280430043457088,-3.1841331122743837,-1.0987299639980979,-1.1287932570458452,-1.8358220918365442,-7,-4.454029074348739,-2.307066247530591,-0.9099587818791908,-3.5704980991032236,-7,-7,-7,-2.033657631517332,-7,-7,-3.6769085598723663,-7,-7,-4.086758815711355,-4.3293993017319705,-7,-7,-7,-7,-7,-4.454029074348739,-7,-4.3293993017319705,-4.454029074348739,-4.3293993017319705,-1.5044134050413966,-7,-3.7280352840853115,-4.3293993017319705,-3.4409059312532575,-7,-1.575786435111575,-7,-7,-7,-7,-7,-7,-4.629503064046202,-7,-0.8622754069855593,-1.0115335639350795,-7,-7,-7,-4.3293993017319705,-7,-7,-4.629503064046202,-7,-7,-7
Autism,-7,-4.385353773866898,-1.5012357183621732,-4.017980105558439,-4.084851459745513,-4.560917991751767,-1.6583246921830272,-7,-7,-7,-7,-2.9289957017176405,-7,-7,-7,-0.33322876557291,-7,-4.560917991751767,-7,-7,-4.1639271181801725,-1.5703879351486838,-3.155898668431971,-3.908936237111332,-7,-7,-7,-4.560917991751767,-7,-7,-7,-4.385353773866898,-3.182223720633006,-7,-7,-2.3206965182854895,-4.385353773866898,-7,-3.107600534656144,-7,-7,-7,-7,-2.720493414740132,-7,-1.16482104940465,-3.229988819872922,-1.3223254306760344,-1.297210551092344,-7,-7,-1.2941562690359565,-1.2314781268427917,-1.6494804165826256,-7,-7,-7,-7,-1.484587009511787,-7,-7,-1.214682613249524,-2.1263325816504377,-7,-7,-7,-7,-7,-4.560917991751767,-3.6328955717175337,-7,-7,-7,-4.385353773866898,-1.446224236942621,-3.7493437598261434,-3.863213962399105,-7,-7,-4.560917991751767,-3.717176494874197,-7,-7,-4.385353773866898,-7,-7,-2.200766306605722,-7,-7,-3.483187650755525,-7,-4.385353773866898,-3.000164725384001,-7,-7,-7,-3.908936237111332,-7,-7,-4.385353773866898,-7,-7,-7
